subject,body_text,url_count,has_urgency,label
Lunch reservation details (Ref: 607),"We successfully deployed the latest security patches to the production clusters. Thanks, Sarah.",0,0,0
Invoice Notification: Payment outstanding #83940,You have been selected to receive a promotional gift card. Claim your reward by logging in here. Click here: http://verification-amazon-support.net/login,3,1,1
Weekly Project Progress Update (Ref: 459),"We successfully deployed the latest security patches to the production clusters. Thanks, John.",1,0,0
PayPal Support: Unauthorized funds transfer request,"To protect your privacy, we require verification of your email account status. Click below to continue. Click here: http://verification-amazon-support.net/login",2,0,1
Annual performance evaluation reminder (Ref: 580),"I booked a table for 5 at the corner grill for our team lunch tomorrow. Thanks, Sarah.",1,0,0
Invoice Notification: Payment outstanding #83940,We detected unusual login attempts on your account. Please click the link to verify your identity immediately. Click here: http://verification-paypal-support.net/login,3,1,1
Feedback on code design patterns (Ref: 255),"Hi Team, please find attached the weekly spreadsheet covering our key performance indicators. Thanks, David.",1,0,0
Microsoft Account: Verify security settings now,We detected security restrictions on your credit card. Update your banking profile details to restore access. Click here: http://verification-amazon-support.net/login,3,1,1
Release notes for version 2.4.1 (Ref: 717),"Let's meet tomorrow at 10 AM to discuss task prioritization and sprint objectives. Thanks, Alice.",1,0,0
URGENT: Verify your account activity immediately!,Your recent invoice payment was declined. Update your billing credentials now to prevent account suspension. Click here: http://verification-amazon-support.net/login,2,1,1
Agenda for Tomorrow's Standup Meeting (Ref: 195),"Let's meet tomorrow at 10 AM to discuss task prioritization and sprint objectives. Thanks, Alice.",1,0,0
System Warning: Update password immediately!,We detected security restrictions on your credit card. Update your banking profile details to restore access. Click here: http://verification-chase-support.net/login,3,1,1
New repository pull request merged (Ref: 873),"This is a reminder to submit your self-assessment before the end-of-month review cycle. Thanks, David.",1,0,0
System Warning: Update password immediately!,Someone accessed your profile from an unrecognized device in Russia. Verify your credentials below. Click here: http://verification-amazon-support.net/login,1,1,1
Approved: Expense report #3904 (Ref: 286),"I booked a table for 5 at the corner grill for our team lunch tomorrow. Thanks, David.",0,0,0
Update Billing Information: Payment Restrict Alert,"Your account is past due. To avoid immediate collection actions, pay your outstanding bill at this portal. Click here: http://verification-netflix-support.net/login",3,1,1
Agenda for Tomorrow's Standup Meeting (Ref: 800),"The recent refactor of the database layer looks clean. Great job on the transaction alignments. Thanks, David.",0,0,0
Invoice Notification: Payment outstanding #83940,"A transaction of $500.00 is pending verification. If you did not authorize this, log in here to cancel it. Click here: http://verification-chase-support.net/login",3,1,1
Approved: Expense report #3904 (Ref: 806),"Hi Team, please find attached the weekly spreadsheet covering our key performance indicators. Thanks, John.",0,0,0
PayPal Support: Unauthorized funds transfer request,We could not process your monthly membership. Please update your payment card information at the link below. Click here: http://verification-netflix-support.net/login,3,1,1
Quarterly financial report summary (Ref: 251),"We successfully deployed the latest security patches to the production clusters. Thanks, Sarah.",1,0,0
Security Alert: Unauthorized login attempts detected,Your recent invoice payment was declined. Update your billing credentials now to prevent account suspension. Click here: http://verification-amazon-support.net/login,1,1,1
Feedback on code design patterns (Ref: 451),"We successfully deployed the latest security patches to the production clusters. Thanks, David.",1,0,0
"Congratulations! You won a $1,000 reward voucher",Someone accessed your profile from an unrecognized device in Russia. Verify your credentials below. Click here: http://verification-netflix-support.net/login,2,1,1
Lunch reservation details (Ref: 642),"We successfully deployed the latest security patches to the production clusters. Thanks, Sarah.",1,0,0
Invoice Notification: Payment outstanding #83940,"Your account is past due. To avoid immediate collection actions, pay your outstanding bill at this portal. Click here: http://verification-netflix-support.net/login",2,1,1
Weekly Project Progress Update (Ref: 665),"Merged PR #405: updates user session cookies validation handlers. Thanks, David.",1,0,0
System Warning: Update password immediately!,Someone accessed your profile from an unrecognized device in Russia. Verify your credentials below. Click here: http://verification-chase-support.net/login,2,1,1
Quarterly financial report summary (Ref: 654),"Your request for business travel expenses has been reviewed and approved by management. Thanks, Sarah.",0,0,0
Netflix: Your subscription has been suspended!,"To protect your privacy, we require verification of your email account status. Click below to continue. Click here: http://verification-netflix-support.net/login",3,1,1
Feedback on code design patterns (Ref: 336),"The recent refactor of the database layer looks clean. Great job on the transaction alignments. Thanks, John.",1,0,0
URGENT: Verify your account activity immediately!,We detected security restrictions on your credit card. Update your banking profile details to restore access. Click here: http://verification-amazon-support.net/login,1,1,1
Client presentation slide deck (Ref: 264),"This is a reminder to submit your self-assessment before the end-of-month review cycle. Thanks, David.",0,0,0
System Warning: Update password immediately!,"A transaction of $500.00 is pending verification. If you did not authorize this, log in here to cancel it. Click here: http://verification-amazon-support.net/login",1,1,1
Lunch reservation details (Ref: 640),"I booked a table for 5 at the corner grill for our team lunch tomorrow. Thanks, Sarah.",0,0,0
Netflix: Your subscription has been suspended!,"To protect your privacy, we require verification of your email account status. Click below to continue. Click here: http://verification-chase-support.net/login",1,1,1
Weekly Project Progress Update (Ref: 708),"The recent refactor of the database layer looks clean. Great job on the transaction alignments. Thanks, David.",1,0,0
Invoice Notification: Payment outstanding #83940,We detected security restrictions on your credit card. Update your banking profile details to restore access. Click here: http://verification-netflix-support.net/login,2,1,1
New repository pull request merged (Ref: 157),"Let's meet tomorrow at 10 AM to discuss task prioritization and sprint objectives. Thanks, David.",0,0,0
"Congratulations! You won a $1,000 reward voucher",We detected unusual login attempts on your account. Please click the link to verify your identity immediately. Click here: http://verification-paypal-support.net/login,3,1,1
Client presentation slide deck (Ref: 952),"Attached are the slides for the client presentation. Please review them before the call. Thanks, Alice.",1,0,0
Invoice Notification: Payment outstanding #83940,You have been selected to receive a promotional gift card. Claim your reward by logging in here. Click here: http://verification-netflix-support.net/login,2,1,1
Feedback on code design patterns (Ref: 506),"Let's meet tomorrow at 10 AM to discuss task prioritization and sprint objectives. Thanks, Sarah.",0,0,0
"Congratulations! You won a $1,000 reward voucher",You have been selected to receive a promotional gift card. Claim your reward by logging in here. Click here: http://verification-paypal-support.net/login,3,0,1
Annual performance evaluation reminder (Ref: 982),"Hi Team, please find attached the weekly spreadsheet covering our key performance indicators. Thanks, David.",1,0,0
PayPal Support: Unauthorized funds transfer request,Your email security credentials expire in 24 hours. Log in here to synchronize your active password. Click here: http://verification-paypal-support.net/login,2,1,1
Approved: Expense report #3904 (Ref: 107),"Let's meet tomorrow at 10 AM to discuss task prioritization and sprint objectives. Thanks, Alice.",0,0,0
Security Alert: Unauthorized login attempts detected,You have been selected to receive a promotional gift card. Claim your reward by logging in here. Click here: http://verification-netflix-support.net/login,3,0,1
Feedback on code design patterns (Ref: 628),"We successfully deployed the latest security patches to the production clusters. Thanks, John.",0,0,0
"Congratulations! You won a $1,000 reward voucher",We detected security restrictions on your credit card. Update your banking profile details to restore access. Click here: http://verification-amazon-support.net/login,2,1,1
Release notes for version 2.4.1 (Ref: 621),"Attached are the slides for the client presentation. Please review them before the call. Thanks, Sarah.",1,0,0
Security Alert: Unauthorized login attempts detected,"A transaction of $500.00 is pending verification. If you did not authorize this, log in here to cancel it. Click here: http://verification-amazon-support.net/login",2,0,1
Release notes for version 2.4.1 (Ref: 810),"Merged PR #405: updates user session cookies validation handlers. Thanks, Alice.",1,0,0
Microsoft Account: Verify security settings now,You have been selected to receive a promotional gift card. Claim your reward by logging in here. Click here: http://verification-chase-support.net/login,1,1,1
Quarterly financial report summary (Ref: 543),"Merged PR #405: updates user session cookies validation handlers. Thanks, John.",1,0,0
PayPal Support: Unauthorized funds transfer request,You have been selected to receive a promotional gift card. Claim your reward by logging in here. Click here: http://verification-chase-support.net/login,1,0,1
Lunch reservation details (Ref: 522),"The recent refactor of the database layer looks clean. Great job on the transaction alignments. Thanks, David.",0,0,0
System Warning: Update password immediately!,"Your account is past due. To avoid immediate collection actions, pay your outstanding bill at this portal. Click here: http://verification-netflix-support.net/login",2,1,1
Approved: Expense report #3904 (Ref: 655),"Merged PR #405: updates user session cookies validation handlers. Thanks, David.",0,0,0
Security Alert: Unauthorized login attempts detected,Your email security credentials expire in 24 hours. Log in here to synchronize your active password. Click here: http://verification-amazon-support.net/login,2,1,1
New repository pull request merged (Ref: 274),"The recent refactor of the database layer looks clean. Great job on the transaction alignments. Thanks, John.",1,0,0
Invoice Notification: Payment outstanding #83940,We could not process your monthly membership. Please update your payment card information at the link below. Click here: http://verification-netflix-support.net/login,1,1,1
Release notes for version 2.4.1 (Ref: 929),"Hi Team, please find attached the weekly spreadsheet covering our key performance indicators. Thanks, David.",0,0,0
Verify your banking details to avoid limitations,Someone accessed your profile from an unrecognized device in Russia. Verify your credentials below. Click here: http://verification-netflix-support.net/login,2,1,1
Approved: Expense report #3904 (Ref: 875),"Your request for business travel expenses has been reviewed and approved by management. Thanks, Alice.",1,0,0
Security Alert: Unauthorized login attempts detected,Your email security credentials expire in 24 hours. Log in here to synchronize your active password. Click here: http://verification-paypal-support.net/login,2,1,1
Lunch reservation details (Ref: 408),"The recent refactor of the database layer looks clean. Great job on the transaction alignments. Thanks, David.",1,0,0
URGENT: Verify your account activity immediately!,"To protect your privacy, we require verification of your email account status. Click below to continue. Click here: http://verification-paypal-support.net/login",3,1,1
Annual performance evaluation reminder (Ref: 644),"This is a reminder to submit your self-assessment before the end-of-month review cycle. Thanks, David.",0,0,0
System Warning: Update password immediately!,"Your account is past due. To avoid immediate collection actions, pay your outstanding bill at this portal. Click here: http://verification-paypal-support.net/login",2,1,1
Lunch reservation details (Ref: 137),"This is a reminder to submit your self-assessment before the end-of-month review cycle. Thanks, John.",1,0,0
Security Alert: Unauthorized login attempts detected,"Your account is past due. To avoid immediate collection actions, pay your outstanding bill at this portal. Click here: http://verification-paypal-support.net/login",3,0,1
Approved: Expense report #3904 (Ref: 223),"Merged PR #405: updates user session cookies validation handlers. Thanks, Alice.",0,0,0
URGENT: Verify your account activity immediately!,"To protect your privacy, we require verification of your email account status. Click below to continue. Click here: http://verification-paypal-support.net/login",2,1,1
Release notes for version 2.4.1 (Ref: 927),"Hi Team, please find attached the weekly spreadsheet covering our key performance indicators. Thanks, Sarah.",1,0,0
Verify your banking details to avoid limitations,Someone accessed your profile from an unrecognized device in Russia. Verify your credentials below. Click here: http://verification-chase-support.net/login,2,1,1
Feedback on code design patterns (Ref: 207),"I booked a table for 5 at the corner grill for our team lunch tomorrow. Thanks, Alice.",1,0,0
Invoice Notification: Payment outstanding #83940,You have been selected to receive a promotional gift card. Claim your reward by logging in here. Click here: http://verification-amazon-support.net/login,2,1,1
Weekly Project Progress Update (Ref: 973),"The recent refactor of the database layer looks clean. Great job on the transaction alignments. Thanks, David.",1,0,0
PayPal Support: Unauthorized funds transfer request,Your recent invoice payment was declined. Update your billing credentials now to prevent account suspension. Click here: http://verification-chase-support.net/login,1,1,1
Client presentation slide deck (Ref: 881),"The recent refactor of the database layer looks clean. Great job on the transaction alignments. Thanks, Alice.",1,0,0
Verify your banking details to avoid limitations,Your recent invoice payment was declined. Update your billing credentials now to prevent account suspension. Click here: http://verification-paypal-support.net/login,1,1,1
Approved: Expense report #3904 (Ref: 284),"Attached is the PDF copy of our Q3 budget allocation analysis. Let me know if you have questions. Thanks, David.",0,0,0
Netflix: Your subscription has been suspended!,Your email security credentials expire in 24 hours. Log in here to synchronize your active password. Click here: http://verification-chase-support.net/login,2,1,1
Quarterly financial report summary (Ref: 114),"Your request for business travel expenses has been reviewed and approved by management. Thanks, David.",1,0,0
Verify your banking details to avoid limitations,Your recent invoice payment was declined. Update your billing credentials now to prevent account suspension. Click here: http://verification-amazon-support.net/login,3,1,1
Agenda for Tomorrow's Standup Meeting (Ref: 801),"We successfully deployed the latest security patches to the production clusters. Thanks, Sarah.",0,0,0
PayPal Support: Unauthorized funds transfer request,"Your account is past due. To avoid immediate collection actions, pay your outstanding bill at this portal. Click here: http://verification-paypal-support.net/login",1,0,1
Release notes for version 2.4.1 (Ref: 517),"The recent refactor of the database layer looks clean. Great job on the transaction alignments. Thanks, Sarah.",0,0,0
Microsoft Account: Verify security settings now,"To protect your privacy, we require verification of your email account status. Click below to continue. Click here: http://verification-netflix-support.net/login",2,1,1
Client presentation slide deck (Ref: 129),"Let's meet tomorrow at 10 AM to discuss task prioritization and sprint objectives. Thanks, Alice.",1,0,0
Invoice Notification: Payment outstanding #83940,Your recent invoice payment was declined. Update your billing credentials now to prevent account suspension. Click here: http://verification-netflix-support.net/login,2,1,1
Weekly Project Progress Update (Ref: 459),"Let's meet tomorrow at 10 AM to discuss task prioritization and sprint objectives. Thanks, Alice.",1,0,0
Update Billing Information: Payment Restrict Alert,"A transaction of $500.00 is pending verification. If you did not authorize this, log in here to cancel it. Click here: http://verification-chase-support.net/login",3,1,1
Weekly Project Progress Update (Ref: 320),"Merged PR #405: updates user session cookies validation handlers. Thanks, Sarah.",0,0,0
Verify your banking details to avoid limitations,You have been selected to receive a promotional gift card. Claim your reward by logging in here. Click here: http://verification-chase-support.net/login,2,1,1
Approved: Expense report #3904 (Ref: 335),"Hi Team, please find attached the weekly spreadsheet covering our key performance indicators. Thanks, John.",1,0,0
Netflix: Your subscription has been suspended!,"To protect your privacy, we require verification of your email account status. Click below to continue. Click here: http://verification-chase-support.net/login",1,1,1
Lunch reservation details (Ref: 918),"We successfully deployed the latest security patches to the production clusters. Thanks, John.",1,0,0
"Congratulations! You won a $1,000 reward voucher","Your account is past due. To avoid immediate collection actions, pay your outstanding bill at this portal. Click here: http://verification-chase-support.net/login",3,0,1
New repository pull request merged (Ref: 113),"This is a reminder to submit your self-assessment before the end-of-month review cycle. Thanks, John.",1,0,0
System Warning: Update password immediately!,You have been selected to receive a promotional gift card. Claim your reward by logging in here. Click here: http://verification-amazon-support.net/login,1,1,1
Feedback on code design patterns (Ref: 929),"We successfully deployed the latest security patches to the production clusters. Thanks, Alice.",0,0,0
PayPal Support: Unauthorized funds transfer request,Someone accessed your profile from an unrecognized device in Russia. Verify your credentials below. Click here: http://verification-paypal-support.net/login,2,1,1
Client presentation slide deck (Ref: 392),"This is a reminder to submit your self-assessment before the end-of-month review cycle. Thanks, David.",1,0,0
Netflix: Your subscription has been suspended!,We detected security restrictions on your credit card. Update your banking profile details to restore access. Click here: http://verification-amazon-support.net/login,3,1,1
Weekly Project Progress Update (Ref: 649),"The recent refactor of the database layer looks clean. Great job on the transaction alignments. Thanks, Sarah.",0,0,0
Microsoft Account: Verify security settings now,Your recent invoice payment was declined. Update your billing credentials now to prevent account suspension. Click here: http://verification-amazon-support.net/login,3,1,1
Agenda for Tomorrow's Standup Meeting (Ref: 309),"I booked a table for 5 at the corner grill for our team lunch tomorrow. Thanks, Alice.",1,0,0
Security Alert: Unauthorized login attempts detected,Someone accessed your profile from an unrecognized device in Russia. Verify your credentials below. Click here: http://verification-amazon-support.net/login,2,1,1
Agenda for Tomorrow's Standup Meeting (Ref: 849),"Let's meet tomorrow at 10 AM to discuss task prioritization and sprint objectives. Thanks, David.",0,0,0
"Congratulations! You won a $1,000 reward voucher","To protect your privacy, we require verification of your email account status. Click below to continue. Click here: http://verification-chase-support.net/login",1,0,1
Feedback on code design patterns (Ref: 623),"This is a reminder to submit your self-assessment before the end-of-month review cycle. Thanks, Alice.",0,0,0
Netflix: Your subscription has been suspended!,We detected unusual login attempts on your account. Please click the link to verify your identity immediately. Click here: http://verification-netflix-support.net/login,3,1,1
Quarterly financial report summary (Ref: 769),"This is a reminder to submit your self-assessment before the end-of-month review cycle. Thanks, Sarah.",1,0,0
Update Billing Information: Payment Restrict Alert,"To protect your privacy, we require verification of your email account status. Click below to continue. Click here: http://verification-paypal-support.net/login",1,1,1
Quarterly financial report summary (Ref: 820),"Hi Team, please find attached the weekly spreadsheet covering our key performance indicators. Thanks, Sarah.",1,0,0
"Congratulations! You won a $1,000 reward voucher",You have been selected to receive a promotional gift card. Claim your reward by logging in here. Click here: http://verification-netflix-support.net/login,3,0,1
Quarterly financial report summary (Ref: 176),"This is a reminder to submit your self-assessment before the end-of-month review cycle. Thanks, John.",0,0,0
"Congratulations! You won a $1,000 reward voucher","A transaction of $500.00 is pending verification. If you did not authorize this, log in here to cancel it. Click here: http://verification-paypal-support.net/login",3,0,1
Release notes for version 2.4.1 (Ref: 678),"Hi Team, please find attached the weekly spreadsheet covering our key performance indicators. Thanks, Sarah.",0,0,0
System Warning: Update password immediately!,We detected security restrictions on your credit card. Update your banking profile details to restore access. Click here: http://verification-amazon-support.net/login,1,1,1
Annual performance evaluation reminder (Ref: 700),"Attached are the slides for the client presentation. Please review them before the call. Thanks, Alice.",0,0,0
System Warning: Update password immediately!,"To protect your privacy, we require verification of your email account status. Click below to continue. Click here: http://verification-amazon-support.net/login",2,1,1
Annual performance evaluation reminder (Ref: 824),"Attached is the PDF copy of our Q3 budget allocation analysis. Let me know if you have questions. Thanks, Alice.",0,0,0
Verify your banking details to avoid limitations,Your recent invoice payment was declined. Update your billing credentials now to prevent account suspension. Click here: http://verification-netflix-support.net/login,3,1,1
Agenda for Tomorrow's Standup Meeting (Ref: 368),"This is a reminder to submit your self-assessment before the end-of-month review cycle. Thanks, David.",0,0,0
Netflix: Your subscription has been suspended!,"Your account is past due. To avoid immediate collection actions, pay your outstanding bill at this portal. Click here: http://verification-chase-support.net/login",1,1,1
Release notes for version 2.4.1 (Ref: 305),"Hi Team, please find attached the weekly spreadsheet covering our key performance indicators. Thanks, John.",0,0,0
Invoice Notification: Payment outstanding #83940,Someone accessed your profile from an unrecognized device in Russia. Verify your credentials below. Click here: http://verification-chase-support.net/login,3,1,1
Agenda for Tomorrow's Standup Meeting (Ref: 100),"Let's meet tomorrow at 10 AM to discuss task prioritization and sprint objectives. Thanks, Alice.",1,0,0
"Congratulations! You won a $1,000 reward voucher",We could not process your monthly membership. Please update your payment card information at the link below. Click here: http://verification-paypal-support.net/login,1,1,1
Lunch reservation details (Ref: 371),"Let's meet tomorrow at 10 AM to discuss task prioritization and sprint objectives. Thanks, John.",1,0,0
Microsoft Account: Verify security settings now,Someone accessed your profile from an unrecognized device in Russia. Verify your credentials below. Click here: http://verification-netflix-support.net/login,3,1,1
Client presentation slide deck (Ref: 217),"This is a reminder to submit your self-assessment before the end-of-month review cycle. Thanks, Alice.",1,0,0
System Warning: Update password immediately!,We detected unusual login attempts on your account. Please click the link to verify your identity immediately. Click here: http://verification-chase-support.net/login,3,1,1
Lunch reservation details (Ref: 708),"Hi Team, please find attached the weekly spreadsheet covering our key performance indicators. Thanks, Sarah.",0,0,0
Netflix: Your subscription has been suspended!,We detected security restrictions on your credit card. Update your banking profile details to restore access. Click here: http://verification-netflix-support.net/login,3,1,1
Annual performance evaluation reminder (Ref: 325),"Merged PR #405: updates user session cookies validation handlers. Thanks, Sarah.",0,0,0
"Congratulations! You won a $1,000 reward voucher",We could not process your monthly membership. Please update your payment card information at the link below. Click here: http://verification-netflix-support.net/login,2,1,1
Annual performance evaluation reminder (Ref: 602),"The recent refactor of the database layer looks clean. Great job on the transaction alignments. Thanks, Sarah.",0,0,0
URGENT: Verify your account activity immediately!,We detected unusual login attempts on your account. Please click the link to verify your identity immediately. Click here: http://verification-netflix-support.net/login,3,1,1
Agenda for Tomorrow's Standup Meeting (Ref: 346),"The recent refactor of the database layer looks clean. Great job on the transaction alignments. Thanks, Sarah.",1,0,0
Update Billing Information: Payment Restrict Alert,"A transaction of $500.00 is pending verification. If you did not authorize this, log in here to cancel it. Click here: http://verification-chase-support.net/login",3,1,1
Feedback on code design patterns (Ref: 133),"Your request for business travel expenses has been reviewed and approved by management. Thanks, Alice.",1,0,0
Security Alert: Unauthorized login attempts detected,You have been selected to receive a promotional gift card. Claim your reward by logging in here. Click here: http://verification-chase-support.net/login,2,0,1
Annual performance evaluation reminder (Ref: 484),"Let's meet tomorrow at 10 AM to discuss task prioritization and sprint objectives. Thanks, David.",1,0,0
URGENT: Verify your account activity immediately!,We detected unusual login attempts on your account. Please click the link to verify your identity immediately. Click here: http://verification-paypal-support.net/login,2,1,1
Client presentation slide deck (Ref: 528),"Your request for business travel expenses has been reviewed and approved by management. Thanks, David.",1,0,0
Verify your banking details to avoid limitations,"Your account is past due. To avoid immediate collection actions, pay your outstanding bill at this portal. Click here: http://verification-netflix-support.net/login",3,1,1
Feedback on code design patterns (Ref: 786),"Merged PR #405: updates user session cookies validation handlers. Thanks, Sarah.",1,0,0
Verify your banking details to avoid limitations,Someone accessed your profile from an unrecognized device in Russia. Verify your credentials below. Click here: http://verification-netflix-support.net/login,2,1,1
Lunch reservation details (Ref: 686),"Attached are the slides for the client presentation. Please review them before the call. Thanks, John.",0,0,0
Microsoft Account: Verify security settings now,We could not process your monthly membership. Please update your payment card information at the link below. Click here: http://verification-netflix-support.net/login,2,1,1
Lunch reservation details (Ref: 131),"Attached is the PDF copy of our Q3 budget allocation analysis. Let me know if you have questions. Thanks, John.",1,0,0
Verify your banking details to avoid limitations,"To protect your privacy, we require verification of your email account status. Click below to continue. Click here: http://verification-netflix-support.net/login",1,1,1
Weekly Project Progress Update (Ref: 846),"Attached are the slides for the client presentation. Please review them before the call. Thanks, Alice.",1,0,0
PayPal Support: Unauthorized funds transfer request,You have been selected to receive a promotional gift card. Claim your reward by logging in here. Click here: http://verification-netflix-support.net/login,1,0,1
Weekly Project Progress Update (Ref: 615),"Attached is the PDF copy of our Q3 budget allocation analysis. Let me know if you have questions. Thanks, Sarah.",1,0,0
Verify your banking details to avoid limitations,We could not process your monthly membership. Please update your payment card information at the link below. Click here: http://verification-netflix-support.net/login,3,1,1
Feedback on code design patterns (Ref: 906),"I booked a table for 5 at the corner grill for our team lunch tomorrow. Thanks, David.",0,0,0
Microsoft Account: Verify security settings now,Your email security credentials expire in 24 hours. Log in here to synchronize your active password. Click here: http://verification-chase-support.net/login,2,1,1
Weekly Project Progress Update (Ref: 186),"Hi Team, please find attached the weekly spreadsheet covering our key performance indicators. Thanks, David.",0,0,0
Invoice Notification: Payment outstanding #83940,We could not process your monthly membership. Please update your payment card information at the link below. Click here: http://verification-paypal-support.net/login,1,1,1
Approved: Expense report #3904 (Ref: 971),"This is a reminder to submit your self-assessment before the end-of-month review cycle. Thanks, Sarah.",0,0,0
Security Alert: Unauthorized login attempts detected,You have been selected to receive a promotional gift card. Claim your reward by logging in here. Click here: http://verification-paypal-support.net/login,2,0,1
Client presentation slide deck (Ref: 141),"Your request for business travel expenses has been reviewed and approved by management. Thanks, David.",0,0,0
Microsoft Account: Verify security settings now,Someone accessed your profile from an unrecognized device in Russia. Verify your credentials below. Click here: http://verification-amazon-support.net/login,2,1,1
Client presentation slide deck (Ref: 187),"The recent refactor of the database layer looks clean. Great job on the transaction alignments. Thanks, David.",1,0,0
Security Alert: Unauthorized login attempts detected,Your email security credentials expire in 24 hours. Log in here to synchronize your active password. Click here: http://verification-paypal-support.net/login,1,1,1
Annual performance evaluation reminder (Ref: 477),"We successfully deployed the latest security patches to the production clusters. Thanks, Sarah.",1,0,0
System Warning: Update password immediately!,Your recent invoice payment was declined. Update your billing credentials now to prevent account suspension. Click here: http://verification-amazon-support.net/login,1,1,1
Feedback on code design patterns (Ref: 998),"Attached are the slides for the client presentation. Please review them before the call. Thanks, John.",0,0,0
Netflix: Your subscription has been suspended!,Someone accessed your profile from an unrecognized device in Russia. Verify your credentials below. Click here: http://verification-chase-support.net/login,2,1,1
Agenda for Tomorrow's Standup Meeting (Ref: 401),"Hi Team, please find attached the weekly spreadsheet covering our key performance indicators. Thanks, David.",1,0,0
System Warning: Update password immediately!,"To protect your privacy, we require verification of your email account status. Click below to continue. Click here: http://verification-amazon-support.net/login",1,1,1
Approved: Expense report #3904 (Ref: 710),"The recent refactor of the database layer looks clean. Great job on the transaction alignments. Thanks, John.",1,0,0
Netflix: Your subscription has been suspended!,"To protect your privacy, we require verification of your email account status. Click below to continue. Click here: http://verification-paypal-support.net/login",2,1,1
Annual performance evaluation reminder (Ref: 160),"Attached is the PDF copy of our Q3 budget allocation analysis. Let me know if you have questions. Thanks, David.",1,0,0
URGENT: Verify your account activity immediately!,Your email security credentials expire in 24 hours. Log in here to synchronize your active password. Click here: http://verification-paypal-support.net/login,2,1,1
Annual performance evaluation reminder (Ref: 558),"Merged PR #405: updates user session cookies validation handlers. Thanks, John.",0,0,0
Security Alert: Unauthorized login attempts detected,We could not process your monthly membership. Please update your payment card information at the link below. Click here: http://verification-netflix-support.net/login,2,1,1
Weekly Project Progress Update (Ref: 176),"Let's meet tomorrow at 10 AM to discuss task prioritization and sprint objectives. Thanks, John.",0,0,0
URGENT: Verify your account activity immediately!,We detected security restrictions on your credit card. Update your banking profile details to restore access. Click here: http://verification-paypal-support.net/login,1,1,1
Quarterly financial report summary (Ref: 636),"Attached is the PDF copy of our Q3 budget allocation analysis. Let me know if you have questions. Thanks, Sarah.",1,0,0
Security Alert: Unauthorized login attempts detected,"Your account is past due. To avoid immediate collection actions, pay your outstanding bill at this portal. Click here: http://verification-amazon-support.net/login",1,0,1
Lunch reservation details (Ref: 253),"Merged PR #405: updates user session cookies validation handlers. Thanks, Sarah.",1,0,0
"Congratulations! You won a $1,000 reward voucher","To protect your privacy, we require verification of your email account status. Click below to continue. Click here: http://verification-chase-support.net/login",1,0,1
Approved: Expense report #3904 (Ref: 472),"Hi Team, please find attached the weekly spreadsheet covering our key performance indicators. Thanks, Alice.",0,0,0
Invoice Notification: Payment outstanding #83940,We detected unusual login attempts on your account. Please click the link to verify your identity immediately. Click here: http://verification-chase-support.net/login,2,1,1
Feedback on code design patterns (Ref: 398),"Your request for business travel expenses has been reviewed and approved by management. Thanks, Alice.",0,0,0
"Congratulations! You won a $1,000 reward voucher",Someone accessed your profile from an unrecognized device in Russia. Verify your credentials below. Click here: http://verification-chase-support.net/login,3,1,1
Quarterly financial report summary (Ref: 859),"Merged PR #405: updates user session cookies validation handlers. Thanks, John.",1,0,0
Invoice Notification: Payment outstanding #83940,We detected security restrictions on your credit card. Update your banking profile details to restore access. Click here: http://verification-amazon-support.net/login,2,1,1
Approved: Expense report #3904 (Ref: 771),"Hi Team, please find attached the weekly spreadsheet covering our key performance indicators. Thanks, John.",0,0,0
Update Billing Information: Payment Restrict Alert,You have been selected to receive a promotional gift card. Claim your reward by logging in here. Click here: http://verification-netflix-support.net/login,1,1,1
Release notes for version 2.4.1 (Ref: 188),"Hi Team, please find attached the weekly spreadsheet covering our key performance indicators. Thanks, Alice.",1,0,0
Netflix: Your subscription has been suspended!,"To protect your privacy, we require verification of your email account status. Click below to continue. Click here: http://verification-netflix-support.net/login",2,1,1
Agenda for Tomorrow's Standup Meeting (Ref: 105),"Merged PR #405: updates user session cookies validation handlers. Thanks, John.",1,0,0
"Congratulations! You won a $1,000 reward voucher",Your email security credentials expire in 24 hours. Log in here to synchronize your active password. Click here: http://verification-chase-support.net/login,2,1,1
Lunch reservation details (Ref: 374),"Attached are the slides for the client presentation. Please review them before the call. Thanks, John.",1,0,0
System Warning: Update password immediately!,You have been selected to receive a promotional gift card. Claim your reward by logging in here. Click here: http://verification-netflix-support.net/login,3,1,1
Agenda for Tomorrow's Standup Meeting (Ref: 942),"The recent refactor of the database layer looks clean. Great job on the transaction alignments. Thanks, John.",0,0,0
Security Alert: Unauthorized login attempts detected,You have been selected to receive a promotional gift card. Claim your reward by logging in here. Click here: http://verification-netflix-support.net/login,1,0,1
New repository pull request merged (Ref: 268),"Attached are the slides for the client presentation. Please review them before the call. Thanks, Sarah.",1,0,0
Invoice Notification: Payment outstanding #83940,We could not process your monthly membership. Please update your payment card information at the link below. Click here: http://verification-netflix-support.net/login,2,1,1
Quarterly financial report summary (Ref: 619),"Attached are the slides for the client presentation. Please review them before the call. Thanks, David.",0,0,0
Netflix: Your subscription has been suspended!,Someone accessed your profile from an unrecognized device in Russia. Verify your credentials below. Click here: http://verification-chase-support.net/login,1,1,1
New repository pull request merged (Ref: 878),"Merged PR #405: updates user session cookies validation handlers. Thanks, John.",0,0,0
System Warning: Update password immediately!,We detected unusual login attempts on your account. Please click the link to verify your identity immediately. Click here: http://verification-netflix-support.net/login,3,1,1
Lunch reservation details (Ref: 281),"Hi Team, please find attached the weekly spreadsheet covering our key performance indicators. Thanks, Sarah.",0,0,0
Netflix: Your subscription has been suspended!,Your email security credentials expire in 24 hours. Log in here to synchronize your active password. Click here: http://verification-amazon-support.net/login,2,1,1
Weekly Project Progress Update (Ref: 543),"We successfully deployed the latest security patches to the production clusters. Thanks, Alice.",1,0,0
Microsoft Account: Verify security settings now,We could not process your monthly membership. Please update your payment card information at the link below. Click here: http://verification-amazon-support.net/login,1,1,1
Client presentation slide deck (Ref: 335),"Attached is the PDF copy of our Q3 budget allocation analysis. Let me know if you have questions. Thanks, Alice.",1,0,0
Update Billing Information: Payment Restrict Alert,We could not process your monthly membership. Please update your payment card information at the link below. Click here: http://verification-amazon-support.net/login,2,1,1
Lunch reservation details (Ref: 135),"Attached is the PDF copy of our Q3 budget allocation analysis. Let me know if you have questions. Thanks, Sarah.",1,0,0
Update Billing Information: Payment Restrict Alert,Your email security credentials expire in 24 hours. Log in here to synchronize your active password. Click here: http://verification-amazon-support.net/login,1,1,1
Release notes for version 2.4.1 (Ref: 452),"Your request for business travel expenses has been reviewed and approved by management. Thanks, Sarah.",1,0,0
"Congratulations! You won a $1,000 reward voucher","A transaction of $500.00 is pending verification. If you did not authorize this, log in here to cancel it. Click here: http://verification-netflix-support.net/login",2,0,1
Client presentation slide deck (Ref: 750),"I booked a table for 5 at the corner grill for our team lunch tomorrow. Thanks, Sarah.",1,0,0
Invoice Notification: Payment outstanding #83940,We could not process your monthly membership. Please update your payment card information at the link below. Click here: http://verification-chase-support.net/login,3,1,1
Agenda for Tomorrow's Standup Meeting (Ref: 659),"Your request for business travel expenses has been reviewed and approved by management. Thanks, Alice.",0,0,0
"Congratulations! You won a $1,000 reward voucher",We detected unusual login attempts on your account. Please click the link to verify your identity immediately. Click here: http://verification-paypal-support.net/login,2,1,1
Annual performance evaluation reminder (Ref: 283),"This is a reminder to submit your self-assessment before the end-of-month review cycle. Thanks, Alice.",1,0,0
Update Billing Information: Payment Restrict Alert,You have been selected to receive a promotional gift card. Claim your reward by logging in here. Click here: http://verification-netflix-support.net/login,2,1,1
Lunch reservation details (Ref: 517),"This is a reminder to submit your self-assessment before the end-of-month review cycle. Thanks, Sarah.",1,0,0
Update Billing Information: Payment Restrict Alert,Your email security credentials expire in 24 hours. Log in here to synchronize your active password. Click here: http://verification-netflix-support.net/login,2,1,1
Feedback on code design patterns (Ref: 268),"The recent refactor of the database layer looks clean. Great job on the transaction alignments. Thanks, Sarah.",1,0,0
PayPal Support: Unauthorized funds transfer request,Someone accessed your profile from an unrecognized device in Russia. Verify your credentials below. Click here: http://verification-amazon-support.net/login,2,1,1
Approved: Expense report #3904 (Ref: 485),"I booked a table for 5 at the corner grill for our team lunch tomorrow. Thanks, Sarah.",1,0,0
"Congratulations! You won a $1,000 reward voucher",We could not process your monthly membership. Please update your payment card information at the link below. Click here: http://verification-amazon-support.net/login,2,1,1
Quarterly financial report summary (Ref: 279),"We successfully deployed the latest security patches to the production clusters. Thanks, David.",1,0,0
URGENT: Verify your account activity immediately!,Someone accessed your profile from an unrecognized device in Russia. Verify your credentials below. Click here: http://verification-paypal-support.net/login,3,1,1
Release notes for version 2.4.1 (Ref: 301),"This is a reminder to submit your self-assessment before the end-of-month review cycle. Thanks, David.",1,0,0
Verify your banking details to avoid limitations,"A transaction of $500.00 is pending verification. If you did not authorize this, log in here to cancel it. Click here: http://verification-netflix-support.net/login",3,1,1
New repository pull request merged (Ref: 401),"I booked a table for 5 at the corner grill for our team lunch tomorrow. Thanks, Sarah.",1,0,0
Invoice Notification: Payment outstanding #83940,Your email security credentials expire in 24 hours. Log in here to synchronize your active password. Click here: http://verification-paypal-support.net/login,3,1,1
New repository pull request merged (Ref: 778),"Hi Team, please find attached the weekly spreadsheet covering our key performance indicators. Thanks, David.",0,0,0
"Congratulations! You won a $1,000 reward voucher","A transaction of $500.00 is pending verification. If you did not authorize this, log in here to cancel it. Click here: http://verification-netflix-support.net/login",2,0,1
Client presentation slide deck (Ref: 892),"Attached are the slides for the client presentation. Please review them before the call. Thanks, David.",1,0,0
Netflix: Your subscription has been suspended!,Your recent invoice payment was declined. Update your billing credentials now to prevent account suspension. Click here: http://verification-netflix-support.net/login,3,1,1
Agenda for Tomorrow's Standup Meeting (Ref: 393),"Hi Team, please find attached the weekly spreadsheet covering our key performance indicators. Thanks, Sarah.",0,0,0
"Congratulations! You won a $1,000 reward voucher",Someone accessed your profile from an unrecognized device in Russia. Verify your credentials below. Click here: http://verification-netflix-support.net/login,3,1,1
Approved: Expense report #3904 (Ref: 629),"I booked a table for 5 at the corner grill for our team lunch tomorrow. Thanks, John.",1,0,0
System Warning: Update password immediately!,We detected security restrictions on your credit card. Update your banking profile details to restore access. Click here: http://verification-amazon-support.net/login,1,1,1
Approved: Expense report #3904 (Ref: 376),"Let's meet tomorrow at 10 AM to discuss task prioritization and sprint objectives. Thanks, David.",0,0,0
"Congratulations! You won a $1,000 reward voucher","Your account is past due. To avoid immediate collection actions, pay your outstanding bill at this portal. Click here: http://verification-netflix-support.net/login",3,0,1
Annual performance evaluation reminder (Ref: 868),"Attached is the PDF copy of our Q3 budget allocation analysis. Let me know if you have questions. Thanks, Sarah.",0,0,0
"Congratulations! You won a $1,000 reward voucher",You have been selected to receive a promotional gift card. Claim your reward by logging in here. Click here: http://verification-chase-support.net/login,3,0,1
Approved: Expense report #3904 (Ref: 960),"The recent refactor of the database layer looks clean. Great job on the transaction alignments. Thanks, Alice.",0,0,0
System Warning: Update password immediately!,Your recent invoice payment was declined. Update your billing credentials now to prevent account suspension. Click here: http://verification-netflix-support.net/login,2,1,1
Lunch reservation details (Ref: 973),"The recent refactor of the database layer looks clean. Great job on the transaction alignments. Thanks, Alice.",1,0,0
Security Alert: Unauthorized login attempts detected,Your email security credentials expire in 24 hours. Log in here to synchronize your active password. Click here: http://verification-netflix-support.net/login,1,1,1
Weekly Project Progress Update (Ref: 730),"Attached are the slides for the client presentation. Please review them before the call. Thanks, John.",0,0,0
Netflix: Your subscription has been suspended!,We could not process your monthly membership. Please update your payment card information at the link below. Click here: http://verification-amazon-support.net/login,3,1,1
Client presentation slide deck (Ref: 772),"I booked a table for 5 at the corner grill for our team lunch tomorrow. Thanks, David.",0,0,0
Verify your banking details to avoid limitations,Your email security credentials expire in 24 hours. Log in here to synchronize your active password. Click here: http://verification-netflix-support.net/login,3,1,1
Annual performance evaluation reminder (Ref: 371),"Your request for business travel expenses has been reviewed and approved by management. Thanks, Alice.",1,0,0
Security Alert: Unauthorized login attempts detected,"To protect your privacy, we require verification of your email account status. Click below to continue. Click here: http://verification-paypal-support.net/login",1,0,1
Agenda for Tomorrow's Standup Meeting (Ref: 869),"Merged PR #405: updates user session cookies validation handlers. Thanks, Alice.",0,0,0
Microsoft Account: Verify security settings now,We could not process your monthly membership. Please update your payment card information at the link below. Click here: http://verification-paypal-support.net/login,1,1,1
Quarterly financial report summary (Ref: 486),"The recent refactor of the database layer looks clean. Great job on the transaction alignments. Thanks, David.",1,0,0
Security Alert: Unauthorized login attempts detected,We could not process your monthly membership. Please update your payment card information at the link below. Click here: http://verification-netflix-support.net/login,2,1,1
Feedback on code design patterns (Ref: 271),"I booked a table for 5 at the corner grill for our team lunch tomorrow. Thanks, David.",0,0,0
"Congratulations! You won a $1,000 reward voucher",Your recent invoice payment was declined. Update your billing credentials now to prevent account suspension. Click here: http://verification-paypal-support.net/login,1,1,1
Lunch reservation details (Ref: 144),"Attached is the PDF copy of our Q3 budget allocation analysis. Let me know if you have questions. Thanks, Alice.",1,0,0
Security Alert: Unauthorized login attempts detected,"To protect your privacy, we require verification of your email account status. Click below to continue. Click here: http://verification-chase-support.net/login",2,0,1
Annual performance evaluation reminder (Ref: 311),"I booked a table for 5 at the corner grill for our team lunch tomorrow. Thanks, John.",0,0,0
URGENT: Verify your account activity immediately!,We detected unusual login attempts on your account. Please click the link to verify your identity immediately. Click here: http://verification-netflix-support.net/login,3,1,1
Quarterly financial report summary (Ref: 962),"Attached are the slides for the client presentation. Please review them before the call. Thanks, Sarah.",0,0,0
Verify your banking details to avoid limitations,"To protect your privacy, we require verification of your email account status. Click below to continue. Click here: http://verification-chase-support.net/login",1,1,1
Approved: Expense report #3904 (Ref: 269),"I booked a table for 5 at the corner grill for our team lunch tomorrow. Thanks, Alice.",0,0,0
System Warning: Update password immediately!,Your email security credentials expire in 24 hours. Log in here to synchronize your active password. Click here: http://verification-chase-support.net/login,1,1,1
Quarterly financial report summary (Ref: 546),"Attached are the slides for the client presentation. Please review them before the call. Thanks, Sarah.",1,0,0
"Congratulations! You won a $1,000 reward voucher",We detected unusual login attempts on your account. Please click the link to verify your identity immediately. Click here: http://verification-amazon-support.net/login,2,1,1
Release notes for version 2.4.1 (Ref: 125),"Your request for business travel expenses has been reviewed and approved by management. Thanks, Sarah.",1,0,0
Verify your banking details to avoid limitations,We could not process your monthly membership. Please update your payment card information at the link below. Click here: http://verification-netflix-support.net/login,1,1,1
Agenda for Tomorrow's Standup Meeting (Ref: 429),"The recent refactor of the database layer looks clean. Great job on the transaction alignments. Thanks, John.",1,0,0
"Congratulations! You won a $1,000 reward voucher",We detected unusual login attempts on your account. Please click the link to verify your identity immediately. Click here: http://verification-netflix-support.net/login,3,1,1
Agenda for Tomorrow's Standup Meeting (Ref: 657),"Hi Team, please find attached the weekly spreadsheet covering our key performance indicators. Thanks, Sarah.",1,0,0
PayPal Support: Unauthorized funds transfer request,"Your account is past due. To avoid immediate collection actions, pay your outstanding bill at this portal. Click here: http://verification-paypal-support.net/login",1,0,1
Feedback on code design patterns (Ref: 770),"Let's meet tomorrow at 10 AM to discuss task prioritization and sprint objectives. Thanks, Sarah.",0,0,0
"Congratulations! You won a $1,000 reward voucher",We could not process your monthly membership. Please update your payment card information at the link below. Click here: http://verification-paypal-support.net/login,2,1,1
Lunch reservation details (Ref: 693),"The recent refactor of the database layer looks clean. Great job on the transaction alignments. Thanks, David.",1,0,0
Invoice Notification: Payment outstanding #83940,Someone accessed your profile from an unrecognized device in Russia. Verify your credentials below. Click here: http://verification-netflix-support.net/login,2,1,1
Feedback on code design patterns (Ref: 757),"The recent refactor of the database layer looks clean. Great job on the transaction alignments. Thanks, David.",1,0,0
System Warning: Update password immediately!,We detected unusual login attempts on your account. Please click the link to verify your identity immediately. Click here: http://verification-netflix-support.net/login,1,1,1
Client presentation slide deck (Ref: 254),"The recent refactor of the database layer looks clean. Great job on the transaction alignments. Thanks, Alice.",1,0,0
"Congratulations! You won a $1,000 reward voucher",We could not process your monthly membership. Please update your payment card information at the link below. Click here: http://verification-netflix-support.net/login,1,1,1
Approved: Expense report #3904 (Ref: 652),"We successfully deployed the latest security patches to the production clusters. Thanks, David.",1,0,0
Invoice Notification: Payment outstanding #83940,Your recent invoice payment was declined. Update your billing credentials now to prevent account suspension. Click here: http://verification-chase-support.net/login,1,1,1
Approved: Expense report #3904 (Ref: 430),"Merged PR #405: updates user session cookies validation handlers. Thanks, John.",0,0,0
Update Billing Information: Payment Restrict Alert,We detected unusual login attempts on your account. Please click the link to verify your identity immediately. Click here: http://verification-paypal-support.net/login,1,1,1
Approved: Expense report #3904 (Ref: 655),"The recent refactor of the database layer looks clean. Great job on the transaction alignments. Thanks, Sarah.",0,0,0
Invoice Notification: Payment outstanding #83940,"A transaction of $500.00 is pending verification. If you did not authorize this, log in here to cancel it. Click here: http://verification-paypal-support.net/login",3,1,1
Quarterly financial report summary (Ref: 759),"The recent refactor of the database layer looks clean. Great job on the transaction alignments. Thanks, Alice.",0,0,0
URGENT: Verify your account activity immediately!,Your recent invoice payment was declined. Update your billing credentials now to prevent account suspension. Click here: http://verification-netflix-support.net/login,3,1,1
New repository pull request merged (Ref: 275),"The recent refactor of the database layer looks clean. Great job on the transaction alignments. Thanks, David.",0,0,0
Microsoft Account: Verify security settings now,We could not process your monthly membership. Please update your payment card information at the link below. Click here: http://verification-netflix-support.net/login,1,1,1
Release notes for version 2.4.1 (Ref: 897),"This is a reminder to submit your self-assessment before the end-of-month review cycle. Thanks, Sarah.",1,0,0
URGENT: Verify your account activity immediately!,"Your account is past due. To avoid immediate collection actions, pay your outstanding bill at this portal. Click here: http://verification-paypal-support.net/login",1,1,1
Agenda for Tomorrow's Standup Meeting (Ref: 567),"This is a reminder to submit your self-assessment before the end-of-month review cycle. Thanks, John.",1,0,0
Netflix: Your subscription has been suspended!,We detected security restrictions on your credit card. Update your banking profile details to restore access. Click here: http://verification-paypal-support.net/login,2,1,1
Approved: Expense report #3904 (Ref: 650),"This is a reminder to submit your self-assessment before the end-of-month review cycle. Thanks, Alice.",1,0,0
System Warning: Update password immediately!,We detected unusual login attempts on your account. Please click the link to verify your identity immediately. Click here: http://verification-paypal-support.net/login,2,1,1
Release notes for version 2.4.1 (Ref: 757),"I booked a table for 5 at the corner grill for our team lunch tomorrow. Thanks, Sarah.",1,0,0
Verify your banking details to avoid limitations,"To protect your privacy, we require verification of your email account status. Click below to continue. Click here: http://verification-amazon-support.net/login",2,1,1
Quarterly financial report summary (Ref: 580),"Merged PR #405: updates user session cookies validation handlers. Thanks, Alice.",0,0,0
Verify your banking details to avoid limitations,We could not process your monthly membership. Please update your payment card information at the link below. Click here: http://verification-netflix-support.net/login,3,1,1
Weekly Project Progress Update (Ref: 449),"Let's meet tomorrow at 10 AM to discuss task prioritization and sprint objectives. Thanks, Alice.",1,0,0
Security Alert: Unauthorized login attempts detected,You have been selected to receive a promotional gift card. Claim your reward by logging in here. Click here: http://verification-netflix-support.net/login,1,0,1
Annual performance evaluation reminder (Ref: 495),"Merged PR #405: updates user session cookies validation handlers. Thanks, David.",0,0,0
Security Alert: Unauthorized login attempts detected,"To protect your privacy, we require verification of your email account status. Click below to continue. Click here: http://verification-paypal-support.net/login",3,0,1
Agenda for Tomorrow's Standup Meeting (Ref: 145),"Your request for business travel expenses has been reviewed and approved by management. Thanks, David.",1,0,0
URGENT: Verify your account activity immediately!,"To protect your privacy, we require verification of your email account status. Click below to continue. Click here: http://verification-paypal-support.net/login",2,1,1
Lunch reservation details (Ref: 733),"Let's meet tomorrow at 10 AM to discuss task prioritization and sprint objectives. Thanks, Alice.",1,0,0
Verify your banking details to avoid limitations,You have been selected to receive a promotional gift card. Claim your reward by logging in here. Click here: http://verification-netflix-support.net/login,2,1,1
Weekly Project Progress Update (Ref: 639),"This is a reminder to submit your self-assessment before the end-of-month review cycle. Thanks, Alice.",0,0,0
PayPal Support: Unauthorized funds transfer request,You have been selected to receive a promotional gift card. Claim your reward by logging in here. Click here: http://verification-chase-support.net/login,2,0,1
Release notes for version 2.4.1 (Ref: 653),"Attached are the slides for the client presentation. Please review them before the call. Thanks, Alice.",0,0,0
Update Billing Information: Payment Restrict Alert,"Your account is past due. To avoid immediate collection actions, pay your outstanding bill at this portal. Click here: http://verification-netflix-support.net/login",2,1,1
New repository pull request merged (Ref: 536),"Merged PR #405: updates user session cookies validation handlers. Thanks, John.",0,0,0
Microsoft Account: Verify security settings now,"A transaction of $500.00 is pending verification. If you did not authorize this, log in here to cancel it. Click here: http://verification-amazon-support.net/login",2,1,1
Weekly Project Progress Update (Ref: 806),"Attached are the slides for the client presentation. Please review them before the call. Thanks, Alice.",1,0,0
Microsoft Account: Verify security settings now,"A transaction of $500.00 is pending verification. If you did not authorize this, log in here to cancel it. Click here: http://verification-netflix-support.net/login",3,1,1
Feedback on code design patterns (Ref: 659),"Your request for business travel expenses has been reviewed and approved by management. Thanks, Alice.",1,0,0
Microsoft Account: Verify security settings now,Someone accessed your profile from an unrecognized device in Russia. Verify your credentials below. Click here: http://verification-chase-support.net/login,3,1,1
Annual performance evaluation reminder (Ref: 401),"The recent refactor of the database layer looks clean. Great job on the transaction alignments. Thanks, John.",0,0,0
Microsoft Account: Verify security settings now,Your email security credentials expire in 24 hours. Log in here to synchronize your active password. Click here: http://verification-paypal-support.net/login,1,1,1
Quarterly financial report summary (Ref: 990),"Merged PR #405: updates user session cookies validation handlers. Thanks, David.",1,0,0
URGENT: Verify your account activity immediately!,"Your account is past due. To avoid immediate collection actions, pay your outstanding bill at this portal. Click here: http://verification-chase-support.net/login",1,1,1
Annual performance evaluation reminder (Ref: 975),"We successfully deployed the latest security patches to the production clusters. Thanks, David.",1,0,0
"Congratulations! You won a $1,000 reward voucher","Your account is past due. To avoid immediate collection actions, pay your outstanding bill at this portal. Click here: http://verification-amazon-support.net/login",1,0,1
Approved: Expense report #3904 (Ref: 212),"Attached are the slides for the client presentation. Please review them before the call. Thanks, Alice.",0,0,0
Invoice Notification: Payment outstanding #83940,Your email security credentials expire in 24 hours. Log in here to synchronize your active password. Click here: http://verification-amazon-support.net/login,2,1,1
Weekly Project Progress Update (Ref: 426),"Merged PR #405: updates user session cookies validation handlers. Thanks, Sarah.",1,0,0
"Congratulations! You won a $1,000 reward voucher","A transaction of $500.00 is pending verification. If you did not authorize this, log in here to cancel it. Click here: http://verification-amazon-support.net/login",2,0,1
Feedback on code design patterns (Ref: 248),"The recent refactor of the database layer looks clean. Great job on the transaction alignments. Thanks, Sarah.",1,0,0
Microsoft Account: Verify security settings now,Someone accessed your profile from an unrecognized device in Russia. Verify your credentials below. Click here: http://verification-netflix-support.net/login,1,1,1
Annual performance evaluation reminder (Ref: 166),"I booked a table for 5 at the corner grill for our team lunch tomorrow. Thanks, David.",1,0,0
URGENT: Verify your account activity immediately!,You have been selected to receive a promotional gift card. Claim your reward by logging in here. Click here: http://verification-chase-support.net/login,3,1,1
Quarterly financial report summary (Ref: 145),"I booked a table for 5 at the corner grill for our team lunch tomorrow. Thanks, David.",1,0,0
Verify your banking details to avoid limitations,Your recent invoice payment was declined. Update your billing credentials now to prevent account suspension. Click here: http://verification-amazon-support.net/login,2,1,1
Weekly Project Progress Update (Ref: 774),"Your request for business travel expenses has been reviewed and approved by management. Thanks, David.",0,0,0
Invoice Notification: Payment outstanding #83940,"Your account is past due. To avoid immediate collection actions, pay your outstanding bill at this portal. Click here: http://verification-netflix-support.net/login",1,1,1
Client presentation slide deck (Ref: 245),"Your request for business travel expenses has been reviewed and approved by management. Thanks, John.",1,0,0
Netflix: Your subscription has been suspended!,Someone accessed your profile from an unrecognized device in Russia. Verify your credentials below. Click here: http://verification-chase-support.net/login,1,1,1
Weekly Project Progress Update (Ref: 630),"Attached is the PDF copy of our Q3 budget allocation analysis. Let me know if you have questions. Thanks, David.",1,0,0
Invoice Notification: Payment outstanding #83940,"To protect your privacy, we require verification of your email account status. Click below to continue. Click here: http://verification-paypal-support.net/login",3,1,1
Lunch reservation details (Ref: 410),"Hi Team, please find attached the weekly spreadsheet covering our key performance indicators. Thanks, Sarah.",1,0,0
PayPal Support: Unauthorized funds transfer request,Your recent invoice payment was declined. Update your billing credentials now to prevent account suspension. Click here: http://verification-amazon-support.net/login,2,1,1
Annual performance evaluation reminder (Ref: 142),"I booked a table for 5 at the corner grill for our team lunch tomorrow. Thanks, David.",0,0,0
Update Billing Information: Payment Restrict Alert,Someone accessed your profile from an unrecognized device in Russia. Verify your credentials below. Click here: http://verification-paypal-support.net/login,1,1,1
Lunch reservation details (Ref: 573),"We successfully deployed the latest security patches to the production clusters. Thanks, Alice.",1,0,0
Microsoft Account: Verify security settings now,Your recent invoice payment was declined. Update your billing credentials now to prevent account suspension. Click here: http://verification-netflix-support.net/login,1,1,1
Lunch reservation details (Ref: 958),"We successfully deployed the latest security patches to the production clusters. Thanks, Alice.",0,0,0
System Warning: Update password immediately!,"To protect your privacy, we require verification of your email account status. Click below to continue. Click here: http://verification-amazon-support.net/login",3,1,1
Weekly Project Progress Update (Ref: 224),"Attached is the PDF copy of our Q3 budget allocation analysis. Let me know if you have questions. Thanks, David.",1,0,0
Security Alert: Unauthorized login attempts detected,Someone accessed your profile from an unrecognized device in Russia. Verify your credentials below. Click here: http://verification-paypal-support.net/login,3,1,1
Quarterly financial report summary (Ref: 582),"This is a reminder to submit your self-assessment before the end-of-month review cycle. Thanks, John.",1,0,0
PayPal Support: Unauthorized funds transfer request,"Your account is past due. To avoid immediate collection actions, pay your outstanding bill at this portal. Click here: http://verification-amazon-support.net/login",3,0,1
Feedback on code design patterns (Ref: 963),"Attached are the slides for the client presentation. Please review them before the call. Thanks, David.",0,0,0
Netflix: Your subscription has been suspended!,You have been selected to receive a promotional gift card. Claim your reward by logging in here. Click here: http://verification-amazon-support.net/login,1,1,1
New repository pull request merged (Ref: 294),"We successfully deployed the latest security patches to the production clusters. Thanks, Alice.",0,0,0
Invoice Notification: Payment outstanding #83940,We detected security restrictions on your credit card. Update your banking profile details to restore access. Click here: http://verification-netflix-support.net/login,2,1,1
Quarterly financial report summary (Ref: 845),"Hi Team, please find attached the weekly spreadsheet covering our key performance indicators. Thanks, Sarah.",1,0,0
Invoice Notification: Payment outstanding #83940,"To protect your privacy, we require verification of your email account status. Click below to continue. Click here: http://verification-netflix-support.net/login",2,1,1
Client presentation slide deck (Ref: 297),"We successfully deployed the latest security patches to the production clusters. Thanks, Alice.",1,0,0
System Warning: Update password immediately!,"To protect your privacy, we require verification of your email account status. Click below to continue. Click here: http://verification-amazon-support.net/login",3,1,1
Feedback on code design patterns (Ref: 690),"Hi Team, please find attached the weekly spreadsheet covering our key performance indicators. Thanks, David.",1,0,0
Microsoft Account: Verify security settings now,Your email security credentials expire in 24 hours. Log in here to synchronize your active password. Click here: http://verification-amazon-support.net/login,1,1,1
New repository pull request merged (Ref: 675),"Hi Team, please find attached the weekly spreadsheet covering our key performance indicators. Thanks, David.",0,0,0
"Congratulations! You won a $1,000 reward voucher",Your recent invoice payment was declined. Update your billing credentials now to prevent account suspension. Click here: http://verification-netflix-support.net/login,1,1,1
Quarterly financial report summary (Ref: 696),"Attached is the PDF copy of our Q3 budget allocation analysis. Let me know if you have questions. Thanks, Alice.",1,0,0
System Warning: Update password immediately!,Your recent invoice payment was declined. Update your billing credentials now to prevent account suspension. Click here: http://verification-chase-support.net/login,2,1,1
Client presentation slide deck (Ref: 980),"I booked a table for 5 at the corner grill for our team lunch tomorrow. Thanks, John.",0,0,0
Update Billing Information: Payment Restrict Alert,We detected unusual login attempts on your account. Please click the link to verify your identity immediately. Click here: http://verification-netflix-support.net/login,3,1,1
Lunch reservation details (Ref: 468),"The recent refactor of the database layer looks clean. Great job on the transaction alignments. Thanks, John.",1,0,0
Netflix: Your subscription has been suspended!,We detected unusual login attempts on your account. Please click the link to verify your identity immediately. Click here: http://verification-paypal-support.net/login,2,1,1
Release notes for version 2.4.1 (Ref: 930),"Your request for business travel expenses has been reviewed and approved by management. Thanks, John.",0,0,0
Netflix: Your subscription has been suspended!,We detected unusual login attempts on your account. Please click the link to verify your identity immediately. Click here: http://verification-amazon-support.net/login,2,1,1
Release notes for version 2.4.1 (Ref: 279),"This is a reminder to submit your self-assessment before the end-of-month review cycle. Thanks, John.",0,0,0
Invoice Notification: Payment outstanding #83940,"Your account is past due. To avoid immediate collection actions, pay your outstanding bill at this portal. Click here: http://verification-amazon-support.net/login",2,1,1
Annual performance evaluation reminder (Ref: 979),"Your request for business travel expenses has been reviewed and approved by management. Thanks, Alice.",1,0,0
PayPal Support: Unauthorized funds transfer request,Your email security credentials expire in 24 hours. Log in here to synchronize your active password. Click here: http://verification-netflix-support.net/login,3,1,1
Lunch reservation details (Ref: 438),"Hi Team, please find attached the weekly spreadsheet covering our key performance indicators. Thanks, Alice.",0,0,0
Netflix: Your subscription has been suspended!,"To protect your privacy, we require verification of your email account status. Click below to continue. Click here: http://verification-amazon-support.net/login",1,1,1
Feedback on code design patterns (Ref: 535),"Merged PR #405: updates user session cookies validation handlers. Thanks, Sarah.",0,0,0
Update Billing Information: Payment Restrict Alert,Someone accessed your profile from an unrecognized device in Russia. Verify your credentials below. Click here: http://verification-chase-support.net/login,3,1,1
Release notes for version 2.4.1 (Ref: 284),"Your request for business travel expenses has been reviewed and approved by management. Thanks, Alice.",1,0,0
Microsoft Account: Verify security settings now,We detected unusual login attempts on your account. Please click the link to verify your identity immediately. Click here: http://verification-amazon-support.net/login,2,1,1
Annual performance evaluation reminder (Ref: 276),"Attached are the slides for the client presentation. Please review them before the call. Thanks, John.",0,0,0
Security Alert: Unauthorized login attempts detected,You have been selected to receive a promotional gift card. Claim your reward by logging in here. Click here: http://verification-paypal-support.net/login,2,0,1
Client presentation slide deck (Ref: 580),"We successfully deployed the latest security patches to the production clusters. Thanks, Sarah.",1,0,0
PayPal Support: Unauthorized funds transfer request,You have been selected to receive a promotional gift card. Claim your reward by logging in here. Click here: http://verification-netflix-support.net/login,3,0,1
Quarterly financial report summary (Ref: 401),"I booked a table for 5 at the corner grill for our team lunch tomorrow. Thanks, Alice.",1,0,0
Verify your banking details to avoid limitations,We detected unusual login attempts on your account. Please click the link to verify your identity immediately. Click here: http://verification-amazon-support.net/login,1,1,1
Approved: Expense report #3904 (Ref: 367),"Your request for business travel expenses has been reviewed and approved by management. Thanks, Alice.",0,0,0
Netflix: Your subscription has been suspended!,We detected security restrictions on your credit card. Update your banking profile details to restore access. Click here: http://verification-netflix-support.net/login,1,1,1
Client presentation slide deck (Ref: 426),"The recent refactor of the database layer looks clean. Great job on the transaction alignments. Thanks, John.",1,0,0
System Warning: Update password immediately!,"A transaction of $500.00 is pending verification. If you did not authorize this, log in here to cancel it. Click here: http://verification-chase-support.net/login",2,1,1
Approved: Expense report #3904 (Ref: 365),"We successfully deployed the latest security patches to the production clusters. Thanks, Alice.",1,0,0
Security Alert: Unauthorized login attempts detected,We detected unusual login attempts on your account. Please click the link to verify your identity immediately. Click here: http://verification-amazon-support.net/login,3,1,1
New repository pull request merged (Ref: 273),"Let's meet tomorrow at 10 AM to discuss task prioritization and sprint objectives. Thanks, Alice.",1,0,0
Microsoft Account: Verify security settings now,We detected security restrictions on your credit card. Update your banking profile details to restore access. Click here: http://verification-paypal-support.net/login,3,1,1
Lunch reservation details (Ref: 553),"The recent refactor of the database layer looks clean. Great job on the transaction alignments. Thanks, David.",1,0,0
Microsoft Account: Verify security settings now,Someone accessed your profile from an unrecognized device in Russia. Verify your credentials below. Click here: http://verification-amazon-support.net/login,2,1,1
Client presentation slide deck (Ref: 361),"Let's meet tomorrow at 10 AM to discuss task prioritization and sprint objectives. Thanks, Sarah.",1,0,0
PayPal Support: Unauthorized funds transfer request,Your recent invoice payment was declined. Update your billing credentials now to prevent account suspension. Click here: http://verification-paypal-support.net/login,1,1,1
Approved: Expense report #3904 (Ref: 243),"Your request for business travel expenses has been reviewed and approved by management. Thanks, David.",1,0,0
"Congratulations! You won a $1,000 reward voucher","To protect your privacy, we require verification of your email account status. Click below to continue. Click here: http://verification-chase-support.net/login",3,0,1
Agenda for Tomorrow's Standup Meeting (Ref: 782),"I booked a table for 5 at the corner grill for our team lunch tomorrow. Thanks, Sarah.",0,0,0
Microsoft Account: Verify security settings now,"Your account is past due. To avoid immediate collection actions, pay your outstanding bill at this portal. Click here: http://verification-paypal-support.net/login",1,1,1
Quarterly financial report summary (Ref: 655),"We successfully deployed the latest security patches to the production clusters. Thanks, David.",1,0,0
Update Billing Information: Payment Restrict Alert,We could not process your monthly membership. Please update your payment card information at the link below. Click here: http://verification-chase-support.net/login,1,1,1
Lunch reservation details (Ref: 335),"This is a reminder to submit your self-assessment before the end-of-month review cycle. Thanks, John.",1,0,0
PayPal Support: Unauthorized funds transfer request,We detected security restrictions on your credit card. Update your banking profile details to restore access. Click here: http://verification-netflix-support.net/login,3,1,1
Approved: Expense report #3904 (Ref: 206),"Merged PR #405: updates user session cookies validation handlers. Thanks, David.",1,0,0
URGENT: Verify your account activity immediately!,Your recent invoice payment was declined. Update your billing credentials now to prevent account suspension. Click here: http://verification-chase-support.net/login,1,1,1
Client presentation slide deck (Ref: 579),"Merged PR #405: updates user session cookies validation handlers. Thanks, Sarah.",0,0,0
Update Billing Information: Payment Restrict Alert,You have been selected to receive a promotional gift card. Claim your reward by logging in here. Click here: http://verification-chase-support.net/login,1,1,1
New repository pull request merged (Ref: 902),"Attached is the PDF copy of our Q3 budget allocation analysis. Let me know if you have questions. Thanks, Sarah.",1,0,0
PayPal Support: Unauthorized funds transfer request,You have been selected to receive a promotional gift card. Claim your reward by logging in here. Click here: http://verification-amazon-support.net/login,3,0,1
Client presentation slide deck (Ref: 454),"The recent refactor of the database layer looks clean. Great job on the transaction alignments. Thanks, John.",1,0,0
Microsoft Account: Verify security settings now,Someone accessed your profile from an unrecognized device in Russia. Verify your credentials below. Click here: http://verification-netflix-support.net/login,2,1,1
Approved: Expense report #3904 (Ref: 765),"This is a reminder to submit your self-assessment before the end-of-month review cycle. Thanks, John.",1,0,0
System Warning: Update password immediately!,"A transaction of $500.00 is pending verification. If you did not authorize this, log in here to cancel it. Click here: http://verification-netflix-support.net/login",1,1,1
Feedback on code design patterns (Ref: 688),"Your request for business travel expenses has been reviewed and approved by management. Thanks, David.",1,0,0
System Warning: Update password immediately!,Someone accessed your profile from an unrecognized device in Russia. Verify your credentials below. Click here: http://verification-chase-support.net/login,1,1,1
Approved: Expense report #3904 (Ref: 957),"Let's meet tomorrow at 10 AM to discuss task prioritization and sprint objectives. Thanks, John.",1,0,0
Update Billing Information: Payment Restrict Alert,Your email security credentials expire in 24 hours. Log in here to synchronize your active password. Click here: http://verification-chase-support.net/login,1,1,1
Quarterly financial report summary (Ref: 963),"This is a reminder to submit your self-assessment before the end-of-month review cycle. Thanks, John.",0,0,0
PayPal Support: Unauthorized funds transfer request,You have been selected to receive a promotional gift card. Claim your reward by logging in here. Click here: http://verification-paypal-support.net/login,2,0,1
Weekly Project Progress Update (Ref: 724),"I booked a table for 5 at the corner grill for our team lunch tomorrow. Thanks, Sarah.",1,0,0
PayPal Support: Unauthorized funds transfer request,"To protect your privacy, we require verification of your email account status. Click below to continue. Click here: http://verification-netflix-support.net/login",2,0,1
Client presentation slide deck (Ref: 891),"We successfully deployed the latest security patches to the production clusters. Thanks, Sarah.",0,0,0
Verify your banking details to avoid limitations,"To protect your privacy, we require verification of your email account status. Click below to continue. Click here: http://verification-chase-support.net/login",3,1,1
Lunch reservation details (Ref: 404),"Let's meet tomorrow at 10 AM to discuss task prioritization and sprint objectives. Thanks, Alice.",1,0,0
Update Billing Information: Payment Restrict Alert,We detected security restrictions on your credit card. Update your banking profile details to restore access. Click here: http://verification-netflix-support.net/login,1,1,1
Release notes for version 2.4.1 (Ref: 564),"The recent refactor of the database layer looks clean. Great job on the transaction alignments. Thanks, David.",0,0,0
PayPal Support: Unauthorized funds transfer request,Your recent invoice payment was declined. Update your billing credentials now to prevent account suspension. Click here: http://verification-amazon-support.net/login,3,1,1
Weekly Project Progress Update (Ref: 713),"The recent refactor of the database layer looks clean. Great job on the transaction alignments. Thanks, John.",0,0,0
"Congratulations! You won a $1,000 reward voucher",We could not process your monthly membership. Please update your payment card information at the link below. Click here: http://verification-netflix-support.net/login,1,1,1
Agenda for Tomorrow's Standup Meeting (Ref: 995),"Attached are the slides for the client presentation. Please review them before the call. Thanks, John.",1,0,0
Netflix: Your subscription has been suspended!,You have been selected to receive a promotional gift card. Claim your reward by logging in here. Click here: http://verification-paypal-support.net/login,3,1,1
Client presentation slide deck (Ref: 535),"Let's meet tomorrow at 10 AM to discuss task prioritization and sprint objectives. Thanks, David.",1,0,0
PayPal Support: Unauthorized funds transfer request,Someone accessed your profile from an unrecognized device in Russia. Verify your credentials below. Click here: http://verification-amazon-support.net/login,1,1,1
Weekly Project Progress Update (Ref: 103),"This is a reminder to submit your self-assessment before the end-of-month review cycle. Thanks, David.",0,0,0
Netflix: Your subscription has been suspended!,You have been selected to receive a promotional gift card. Claim your reward by logging in here. Click here: http://verification-chase-support.net/login,2,1,1
Weekly Project Progress Update (Ref: 169),"The recent refactor of the database layer looks clean. Great job on the transaction alignments. Thanks, Alice.",0,0,0
"Congratulations! You won a $1,000 reward voucher",Your email security credentials expire in 24 hours. Log in here to synchronize your active password. Click here: http://verification-paypal-support.net/login,1,1,1
New repository pull request merged (Ref: 591),"Your request for business travel expenses has been reviewed and approved by management. Thanks, David.",0,0,0
PayPal Support: Unauthorized funds transfer request,"A transaction of $500.00 is pending verification. If you did not authorize this, log in here to cancel it. Click here: http://verification-netflix-support.net/login",3,0,1
Client presentation slide deck (Ref: 697),"Attached is the PDF copy of our Q3 budget allocation analysis. Let me know if you have questions. Thanks, John.",0,0,0
URGENT: Verify your account activity immediately!,Your email security credentials expire in 24 hours. Log in here to synchronize your active password. Click here: http://verification-netflix-support.net/login,2,1,1
Release notes for version 2.4.1 (Ref: 762),"Hi Team, please find attached the weekly spreadsheet covering our key performance indicators. Thanks, David.",0,0,0
Invoice Notification: Payment outstanding #83940,"To protect your privacy, we require verification of your email account status. Click below to continue. Click here: http://verification-paypal-support.net/login",1,1,1
Agenda for Tomorrow's Standup Meeting (Ref: 228),"This is a reminder to submit your self-assessment before the end-of-month review cycle. Thanks, John.",1,0,0
Update Billing Information: Payment Restrict Alert,We could not process your monthly membership. Please update your payment card information at the link below. Click here: http://verification-netflix-support.net/login,2,1,1
Annual performance evaluation reminder (Ref: 533),"I booked a table for 5 at the corner grill for our team lunch tomorrow. Thanks, David.",0,0,0
Microsoft Account: Verify security settings now,You have been selected to receive a promotional gift card. Claim your reward by logging in here. Click here: http://verification-netflix-support.net/login,3,1,1
Weekly Project Progress Update (Ref: 806),"The recent refactor of the database layer looks clean. Great job on the transaction alignments. Thanks, David.",1,0,0
Update Billing Information: Payment Restrict Alert,We detected security restrictions on your credit card. Update your banking profile details to restore access. Click here: http://verification-netflix-support.net/login,3,1,1
Feedback on code design patterns (Ref: 867),"The recent refactor of the database layer looks clean. Great job on the transaction alignments. Thanks, Alice.",0,0,0
Security Alert: Unauthorized login attempts detected,We could not process your monthly membership. Please update your payment card information at the link below. Click here: http://verification-amazon-support.net/login,3,1,1
Feedback on code design patterns (Ref: 872),"Hi Team, please find attached the weekly spreadsheet covering our key performance indicators. Thanks, John.",0,0,0
URGENT: Verify your account activity immediately!,We could not process your monthly membership. Please update your payment card information at the link below. Click here: http://verification-netflix-support.net/login,2,1,1
Lunch reservation details (Ref: 630),"The recent refactor of the database layer looks clean. Great job on the transaction alignments. Thanks, Alice.",1,0,0
PayPal Support: Unauthorized funds transfer request,Someone accessed your profile from an unrecognized device in Russia. Verify your credentials below. Click here: http://verification-netflix-support.net/login,1,1,1
Quarterly financial report summary (Ref: 378),"Attached is the PDF copy of our Q3 budget allocation analysis. Let me know if you have questions. Thanks, Sarah.",1,0,0
Verify your banking details to avoid limitations,"Your account is past due. To avoid immediate collection actions, pay your outstanding bill at this portal. Click here: http://verification-paypal-support.net/login",1,1,1
Release notes for version 2.4.1 (Ref: 645),"Attached is the PDF copy of our Q3 budget allocation analysis. Let me know if you have questions. Thanks, David.",1,0,0
System Warning: Update password immediately!,Your recent invoice payment was declined. Update your billing credentials now to prevent account suspension. Click here: http://verification-paypal-support.net/login,2,1,1
Quarterly financial report summary (Ref: 103),"The recent refactor of the database layer looks clean. Great job on the transaction alignments. Thanks, David.",1,0,0
"Congratulations! You won a $1,000 reward voucher",We detected security restrictions on your credit card. Update your banking profile details to restore access. Click here: http://verification-paypal-support.net/login,1,1,1
Lunch reservation details (Ref: 776),"Attached are the slides for the client presentation. Please review them before the call. Thanks, David.",1,0,0
Invoice Notification: Payment outstanding #83940,Your email security credentials expire in 24 hours. Log in here to synchronize your active password. Click here: http://verification-paypal-support.net/login,3,1,1
Client presentation slide deck (Ref: 909),"This is a reminder to submit your self-assessment before the end-of-month review cycle. Thanks, Sarah.",1,0,0
PayPal Support: Unauthorized funds transfer request,We detected unusual login attempts on your account. Please click the link to verify your identity immediately. Click here: http://verification-amazon-support.net/login,2,1,1
Weekly Project Progress Update (Ref: 324),"I booked a table for 5 at the corner grill for our team lunch tomorrow. Thanks, Alice.",1,0,0
URGENT: Verify your account activity immediately!,"Your account is past due. To avoid immediate collection actions, pay your outstanding bill at this portal. Click here: http://verification-chase-support.net/login",2,1,1
Client presentation slide deck (Ref: 217),"The recent refactor of the database layer looks clean. Great job on the transaction alignments. Thanks, John.",0,0,0
System Warning: Update password immediately!,We could not process your monthly membership. Please update your payment card information at the link below. Click here: http://verification-amazon-support.net/login,1,1,1
Annual performance evaluation reminder (Ref: 724),"I booked a table for 5 at the corner grill for our team lunch tomorrow. Thanks, John.",0,0,0
Security Alert: Unauthorized login attempts detected,"To protect your privacy, we require verification of your email account status. Click below to continue. Click here: http://verification-netflix-support.net/login",3,0,1
Approved: Expense report #3904 (Ref: 430),"Attached is the PDF copy of our Q3 budget allocation analysis. Let me know if you have questions. Thanks, David.",0,0,0
System Warning: Update password immediately!,"To protect your privacy, we require verification of your email account status. Click below to continue. Click here: http://verification-netflix-support.net/login",3,1,1
Weekly Project Progress Update (Ref: 448),"Hi Team, please find attached the weekly spreadsheet covering our key performance indicators. Thanks, Sarah.",1,0,0
PayPal Support: Unauthorized funds transfer request,"To protect your privacy, we require verification of your email account status. Click below to continue. Click here: http://verification-paypal-support.net/login",2,0,1
Client presentation slide deck (Ref: 891),"This is a reminder to submit your self-assessment before the end-of-month review cycle. Thanks, Sarah.",1,0,0
"Congratulations! You won a $1,000 reward voucher","To protect your privacy, we require verification of your email account status. Click below to continue. Click here: http://verification-paypal-support.net/login",1,0,1
Release notes for version 2.4.1 (Ref: 940),"I booked a table for 5 at the corner grill for our team lunch tomorrow. Thanks, Alice.",0,0,0
Security Alert: Unauthorized login attempts detected,We detected unusual login attempts on your account. Please click the link to verify your identity immediately. Click here: http://verification-amazon-support.net/login,1,1,1
Release notes for version 2.4.1 (Ref: 908),"We successfully deployed the latest security patches to the production clusters. Thanks, Alice.",0,0,0
System Warning: Update password immediately!,"A transaction of $500.00 is pending verification. If you did not authorize this, log in here to cancel it. Click here: http://verification-paypal-support.net/login",2,1,1
Agenda for Tomorrow's Standup Meeting (Ref: 867),"This is a reminder to submit your self-assessment before the end-of-month review cycle. Thanks, David.",1,0,0
System Warning: Update password immediately!,We detected security restrictions on your credit card. Update your banking profile details to restore access. Click here: http://verification-chase-support.net/login,2,1,1
Agenda for Tomorrow's Standup Meeting (Ref: 987),"Let's meet tomorrow at 10 AM to discuss task prioritization and sprint objectives. Thanks, David.",0,0,0
Netflix: Your subscription has been suspended!,We detected unusual login attempts on your account. Please click the link to verify your identity immediately. Click here: http://verification-paypal-support.net/login,2,1,1
Annual performance evaluation reminder (Ref: 243),"This is a reminder to submit your self-assessment before the end-of-month review cycle. Thanks, Sarah.",0,0,0
Verify your banking details to avoid limitations,We detected security restrictions on your credit card. Update your banking profile details to restore access. Click here: http://verification-amazon-support.net/login,1,1,1
Release notes for version 2.4.1 (Ref: 509),"Attached are the slides for the client presentation. Please review them before the call. Thanks, Alice.",1,0,0
Security Alert: Unauthorized login attempts detected,"To protect your privacy, we require verification of your email account status. Click below to continue. Click here: http://verification-netflix-support.net/login",1,0,1
New repository pull request merged (Ref: 532),"Attached is the PDF copy of our Q3 budget allocation analysis. Let me know if you have questions. Thanks, Sarah.",0,0,0
System Warning: Update password immediately!,We detected unusual login attempts on your account. Please click the link to verify your identity immediately. Click here: http://verification-chase-support.net/login,1,1,1
Lunch reservation details (Ref: 825),"Hi Team, please find attached the weekly spreadsheet covering our key performance indicators. Thanks, Sarah.",0,0,0
Update Billing Information: Payment Restrict Alert,We could not process your monthly membership. Please update your payment card information at the link below. Click here: http://verification-amazon-support.net/login,3,1,1
Approved: Expense report #3904 (Ref: 965),"This is a reminder to submit your self-assessment before the end-of-month review cycle. Thanks, David.",0,0,0
Microsoft Account: Verify security settings now,We detected security restrictions on your credit card. Update your banking profile details to restore access. Click here: http://verification-netflix-support.net/login,2,1,1
Quarterly financial report summary (Ref: 917),"We successfully deployed the latest security patches to the production clusters. Thanks, Sarah.",0,0,0
"Congratulations! You won a $1,000 reward voucher",We detected unusual login attempts on your account. Please click the link to verify your identity immediately. Click here: http://verification-paypal-support.net/login,3,1,1
Client presentation slide deck (Ref: 686),"Let's meet tomorrow at 10 AM to discuss task prioritization and sprint objectives. Thanks, Alice.",1,0,0
URGENT: Verify your account activity immediately!,"To protect your privacy, we require verification of your email account status. Click below to continue. Click here: http://verification-netflix-support.net/login",1,1,1
Release notes for version 2.4.1 (Ref: 350),"Let's meet tomorrow at 10 AM to discuss task prioritization and sprint objectives. Thanks, Alice.",1,0,0
Verify your banking details to avoid limitations,Your email security credentials expire in 24 hours. Log in here to synchronize your active password. Click here: http://verification-paypal-support.net/login,3,1,1
Client presentation slide deck (Ref: 916),"Let's meet tomorrow at 10 AM to discuss task prioritization and sprint objectives. Thanks, John.",0,0,0
Microsoft Account: Verify security settings now,We could not process your monthly membership. Please update your payment card information at the link below. Click here: http://verification-netflix-support.net/login,3,1,1
Feedback on code design patterns (Ref: 460),"I booked a table for 5 at the corner grill for our team lunch tomorrow. Thanks, Sarah.",0,0,0
Netflix: Your subscription has been suspended!,We detected security restrictions on your credit card. Update your banking profile details to restore access. Click here: http://verification-paypal-support.net/login,3,1,1
Approved: Expense report #3904 (Ref: 373),"I booked a table for 5 at the corner grill for our team lunch tomorrow. Thanks, David.",0,0,0
System Warning: Update password immediately!,"To protect your privacy, we require verification of your email account status. Click below to continue. Click here: http://verification-netflix-support.net/login",2,1,1
Quarterly financial report summary (Ref: 329),"I booked a table for 5 at the corner grill for our team lunch tomorrow. Thanks, Alice.",0,0,0
Invoice Notification: Payment outstanding #83940,We could not process your monthly membership. Please update your payment card information at the link below. Click here: http://verification-netflix-support.net/login,1,1,1
Agenda for Tomorrow's Standup Meeting (Ref: 240),"Attached is the PDF copy of our Q3 budget allocation analysis. Let me know if you have questions. Thanks, Sarah.",1,0,0
Update Billing Information: Payment Restrict Alert,We could not process your monthly membership. Please update your payment card information at the link below. Click here: http://verification-netflix-support.net/login,3,1,1
Agenda for Tomorrow's Standup Meeting (Ref: 708),"This is a reminder to submit your self-assessment before the end-of-month review cycle. Thanks, John.",0,0,0
PayPal Support: Unauthorized funds transfer request,"Your account is past due. To avoid immediate collection actions, pay your outstanding bill at this portal. Click here: http://verification-chase-support.net/login",1,0,1
Feedback on code design patterns (Ref: 225),"Attached is the PDF copy of our Q3 budget allocation analysis. Let me know if you have questions. Thanks, Sarah.",0,0,0
System Warning: Update password immediately!,We detected security restrictions on your credit card. Update your banking profile details to restore access. Click here: http://verification-netflix-support.net/login,3,1,1
Weekly Project Progress Update (Ref: 407),"We successfully deployed the latest security patches to the production clusters. Thanks, Alice.",0,0,0
Update Billing Information: Payment Restrict Alert,We could not process your monthly membership. Please update your payment card information at the link below. Click here: http://verification-chase-support.net/login,2,1,1
Release notes for version 2.4.1 (Ref: 417),"Attached are the slides for the client presentation. Please review them before the call. Thanks, Sarah.",0,0,0
"Congratulations! You won a $1,000 reward voucher","Your account is past due. To avoid immediate collection actions, pay your outstanding bill at this portal. Click here: http://verification-amazon-support.net/login",2,0,1
Client presentation slide deck (Ref: 966),"This is a reminder to submit your self-assessment before the end-of-month review cycle. Thanks, Sarah.",0,0,0
Security Alert: Unauthorized login attempts detected,"Your account is past due. To avoid immediate collection actions, pay your outstanding bill at this portal. Click here: http://verification-paypal-support.net/login",1,0,1
Quarterly financial report summary (Ref: 749),"I booked a table for 5 at the corner grill for our team lunch tomorrow. Thanks, Sarah.",1,0,0
URGENT: Verify your account activity immediately!,"Your account is past due. To avoid immediate collection actions, pay your outstanding bill at this portal. Click here: http://verification-amazon-support.net/login",3,1,1
Quarterly financial report summary (Ref: 936),"Hi Team, please find attached the weekly spreadsheet covering our key performance indicators. Thanks, David.",0,0,0
URGENT: Verify your account activity immediately!,Your email security credentials expire in 24 hours. Log in here to synchronize your active password. Click here: http://verification-chase-support.net/login,3,1,1
Approved: Expense report #3904 (Ref: 501),"Hi Team, please find attached the weekly spreadsheet covering our key performance indicators. Thanks, Sarah.",1,0,0
Netflix: Your subscription has been suspended!,Your email security credentials expire in 24 hours. Log in here to synchronize your active password. Click here: http://verification-amazon-support.net/login,2,1,1
Lunch reservation details (Ref: 703),"Your request for business travel expenses has been reviewed and approved by management. Thanks, Sarah.",0,0,0
Verify your banking details to avoid limitations,"To protect your privacy, we require verification of your email account status. Click below to continue. Click here: http://verification-chase-support.net/login",2,1,1
Agenda for Tomorrow's Standup Meeting (Ref: 560),"Attached are the slides for the client presentation. Please review them before the call. Thanks, Alice.",0,0,0
PayPal Support: Unauthorized funds transfer request,"A transaction of $500.00 is pending verification. If you did not authorize this, log in here to cancel it. Click here: http://verification-paypal-support.net/login",1,0,1
Release notes for version 2.4.1 (Ref: 413),"The recent refactor of the database layer looks clean. Great job on the transaction alignments. Thanks, Sarah.",0,0,0
Netflix: Your subscription has been suspended!,Your email security credentials expire in 24 hours. Log in here to synchronize your active password. Click here: http://verification-netflix-support.net/login,3,1,1
Client presentation slide deck (Ref: 354),"This is a reminder to submit your self-assessment before the end-of-month review cycle. Thanks, Sarah.",1,0,0
Verify your banking details to avoid limitations,You have been selected to receive a promotional gift card. Claim your reward by logging in here. Click here: http://verification-amazon-support.net/login,3,1,1
Agenda for Tomorrow's Standup Meeting (Ref: 827),"The recent refactor of the database layer looks clean. Great job on the transaction alignments. Thanks, David.",0,0,0
Invoice Notification: Payment outstanding #83940,Your email security credentials expire in 24 hours. Log in here to synchronize your active password. Click here: http://verification-amazon-support.net/login,1,1,1
Lunch reservation details (Ref: 183),"Merged PR #405: updates user session cookies validation handlers. Thanks, Sarah.",0,0,0
PayPal Support: Unauthorized funds transfer request,We could not process your monthly membership. Please update your payment card information at the link below. Click here: http://verification-netflix-support.net/login,2,1,1
Annual performance evaluation reminder (Ref: 924),"This is a reminder to submit your self-assessment before the end-of-month review cycle. Thanks, John.",1,0,0
Netflix: Your subscription has been suspended!,You have been selected to receive a promotional gift card. Claim your reward by logging in here. Click here: http://verification-amazon-support.net/login,3,1,1
Approved: Expense report #3904 (Ref: 731),"I booked a table for 5 at the corner grill for our team lunch tomorrow. Thanks, John.",0,0,0
Security Alert: Unauthorized login attempts detected,"A transaction of $500.00 is pending verification. If you did not authorize this, log in here to cancel it. Click here: http://verification-paypal-support.net/login",1,0,1
Release notes for version 2.4.1 (Ref: 415),"We successfully deployed the latest security patches to the production clusters. Thanks, David.",1,0,0
Security Alert: Unauthorized login attempts detected,Your email security credentials expire in 24 hours. Log in here to synchronize your active password. Click here: http://verification-netflix-support.net/login,3,1,1
Client presentation slide deck (Ref: 595),"Let's meet tomorrow at 10 AM to discuss task prioritization and sprint objectives. Thanks, Alice.",0,0,0
Invoice Notification: Payment outstanding #83940,"To protect your privacy, we require verification of your email account status. Click below to continue. Click here: http://verification-amazon-support.net/login",2,1,1
Lunch reservation details (Ref: 438),"We successfully deployed the latest security patches to the production clusters. Thanks, John.",1,0,0
System Warning: Update password immediately!,We detected security restrictions on your credit card. Update your banking profile details to restore access. Click here: http://verification-paypal-support.net/login,3,1,1
Agenda for Tomorrow's Standup Meeting (Ref: 994),"Hi Team, please find attached the weekly spreadsheet covering our key performance indicators. Thanks, Alice.",1,0,0
Verify your banking details to avoid limitations,Someone accessed your profile from an unrecognized device in Russia. Verify your credentials below. Click here: http://verification-netflix-support.net/login,3,1,1
Quarterly financial report summary (Ref: 317),"The recent refactor of the database layer looks clean. Great job on the transaction alignments. Thanks, John.",0,0,0
Verify your banking details to avoid limitations,We detected unusual login attempts on your account. Please click the link to verify your identity immediately. Click here: http://verification-amazon-support.net/login,2,1,1
Lunch reservation details (Ref: 431),"Let's meet tomorrow at 10 AM to discuss task prioritization and sprint objectives. Thanks, Alice.",0,0,0
Verify your banking details to avoid limitations,"A transaction of $500.00 is pending verification. If you did not authorize this, log in here to cancel it. Click here: http://verification-amazon-support.net/login",3,1,1
Weekly Project Progress Update (Ref: 462),"Let's meet tomorrow at 10 AM to discuss task prioritization and sprint objectives. Thanks, John.",0,0,0
"Congratulations! You won a $1,000 reward voucher",Your recent invoice payment was declined. Update your billing credentials now to prevent account suspension. Click here: http://verification-paypal-support.net/login,3,1,1
Feedback on code design patterns (Ref: 665),"This is a reminder to submit your self-assessment before the end-of-month review cycle. Thanks, David.",0,0,0
Microsoft Account: Verify security settings now,Someone accessed your profile from an unrecognized device in Russia. Verify your credentials below. Click here: http://verification-paypal-support.net/login,2,1,1
Release notes for version 2.4.1 (Ref: 532),"Merged PR #405: updates user session cookies validation handlers. Thanks, Sarah.",1,0,0
System Warning: Update password immediately!,We could not process your monthly membership. Please update your payment card information at the link below. Click here: http://verification-chase-support.net/login,3,1,1
Client presentation slide deck (Ref: 731),"Attached is the PDF copy of our Q3 budget allocation analysis. Let me know if you have questions. Thanks, Alice.",0,0,0
URGENT: Verify your account activity immediately!,You have been selected to receive a promotional gift card. Claim your reward by logging in here. Click here: http://verification-amazon-support.net/login,2,1,1
Weekly Project Progress Update (Ref: 584),"Merged PR #405: updates user session cookies validation handlers. Thanks, David.",1,0,0
Netflix: Your subscription has been suspended!,"A transaction of $500.00 is pending verification. If you did not authorize this, log in here to cancel it. Click here: http://verification-chase-support.net/login",2,1,1
Client presentation slide deck (Ref: 559),"Attached is the PDF copy of our Q3 budget allocation analysis. Let me know if you have questions. Thanks, Sarah.",0,0,0
Microsoft Account: Verify security settings now,We detected unusual login attempts on your account. Please click the link to verify your identity immediately. Click here: http://verification-netflix-support.net/login,2,1,1
Agenda for Tomorrow's Standup Meeting (Ref: 722),"Attached are the slides for the client presentation. Please review them before the call. Thanks, John.",1,0,0
Update Billing Information: Payment Restrict Alert,Your recent invoice payment was declined. Update your billing credentials now to prevent account suspension. Click here: http://verification-chase-support.net/login,2,1,1
Lunch reservation details (Ref: 204),"I booked a table for 5 at the corner grill for our team lunch tomorrow. Thanks, Alice.",0,0,0
Security Alert: Unauthorized login attempts detected,We detected security restrictions on your credit card. Update your banking profile details to restore access. Click here: http://verification-chase-support.net/login,1,1,1
Client presentation slide deck (Ref: 719),"Your request for business travel expenses has been reviewed and approved by management. Thanks, Sarah.",0,0,0
Invoice Notification: Payment outstanding #83940,You have been selected to receive a promotional gift card. Claim your reward by logging in here. Click here: http://verification-netflix-support.net/login,2,1,1
Client presentation slide deck (Ref: 252),"Let's meet tomorrow at 10 AM to discuss task prioritization and sprint objectives. Thanks, John.",1,0,0
System Warning: Update password immediately!,We detected security restrictions on your credit card. Update your banking profile details to restore access. Click here: http://verification-netflix-support.net/login,1,1,1
Weekly Project Progress Update (Ref: 710),"Hi Team, please find attached the weekly spreadsheet covering our key performance indicators. Thanks, Sarah.",1,0,0
Update Billing Information: Payment Restrict Alert,We detected unusual login attempts on your account. Please click the link to verify your identity immediately. Click here: http://verification-chase-support.net/login,1,1,1
Weekly Project Progress Update (Ref: 768),"This is a reminder to submit your self-assessment before the end-of-month review cycle. Thanks, Sarah.",1,0,0
Microsoft Account: Verify security settings now,Someone accessed your profile from an unrecognized device in Russia. Verify your credentials below. Click here: http://verification-chase-support.net/login,2,1,1
Client presentation slide deck (Ref: 773),"Attached is the PDF copy of our Q3 budget allocation analysis. Let me know if you have questions. Thanks, Alice.",0,0,0
PayPal Support: Unauthorized funds transfer request,Someone accessed your profile from an unrecognized device in Russia. Verify your credentials below. Click here: http://verification-netflix-support.net/login,3,1,1
Approved: Expense report #3904 (Ref: 291),"We successfully deployed the latest security patches to the production clusters. Thanks, Alice.",0,0,0
Microsoft Account: Verify security settings now,"Your account is past due. To avoid immediate collection actions, pay your outstanding bill at this portal. Click here: http://verification-chase-support.net/login",2,1,1
Feedback on code design patterns (Ref: 658),"Your request for business travel expenses has been reviewed and approved by management. Thanks, Alice.",1,0,0
"Congratulations! You won a $1,000 reward voucher",Someone accessed your profile from an unrecognized device in Russia. Verify your credentials below. Click here: http://verification-netflix-support.net/login,2,1,1
Agenda for Tomorrow's Standup Meeting (Ref: 632),"This is a reminder to submit your self-assessment before the end-of-month review cycle. Thanks, Alice.",0,0,0
Verify your banking details to avoid limitations,"To protect your privacy, we require verification of your email account status. Click below to continue. Click here: http://verification-netflix-support.net/login",1,1,1
Feedback on code design patterns (Ref: 652),"Hi Team, please find attached the weekly spreadsheet covering our key performance indicators. Thanks, John.",1,0,0
Microsoft Account: Verify security settings now,"A transaction of $500.00 is pending verification. If you did not authorize this, log in here to cancel it. Click here: http://verification-paypal-support.net/login",2,1,1
Agenda for Tomorrow's Standup Meeting (Ref: 617),"Hi Team, please find attached the weekly spreadsheet covering our key performance indicators. Thanks, John.",0,0,0
Security Alert: Unauthorized login attempts detected,"A transaction of $500.00 is pending verification. If you did not authorize this, log in here to cancel it. Click here: http://verification-netflix-support.net/login",2,0,1
Release notes for version 2.4.1 (Ref: 582),"This is a reminder to submit your self-assessment before the end-of-month review cycle. Thanks, David.",0,0,0
PayPal Support: Unauthorized funds transfer request,We detected security restrictions on your credit card. Update your banking profile details to restore access. Click here: http://verification-paypal-support.net/login,1,1,1
Client presentation slide deck (Ref: 207),"I booked a table for 5 at the corner grill for our team lunch tomorrow. Thanks, David.",1,0,0
"Congratulations! You won a $1,000 reward voucher",You have been selected to receive a promotional gift card. Claim your reward by logging in here. Click here: http://verification-chase-support.net/login,3,0,1
Annual performance evaluation reminder (Ref: 446),"Let's meet tomorrow at 10 AM to discuss task prioritization and sprint objectives. Thanks, John.",0,0,0
Security Alert: Unauthorized login attempts detected,"To protect your privacy, we require verification of your email account status. Click below to continue. Click here: http://verification-netflix-support.net/login",1,0,1
Weekly Project Progress Update (Ref: 850),"I booked a table for 5 at the corner grill for our team lunch tomorrow. Thanks, Sarah.",1,0,0
Verify your banking details to avoid limitations,"Your account is past due. To avoid immediate collection actions, pay your outstanding bill at this portal. Click here: http://verification-paypal-support.net/login",1,1,1
New repository pull request merged (Ref: 746),"Your request for business travel expenses has been reviewed and approved by management. Thanks, David.",1,0,0
System Warning: Update password immediately!,We detected unusual login attempts on your account. Please click the link to verify your identity immediately. Click here: http://verification-chase-support.net/login,3,1,1
Annual performance evaluation reminder (Ref: 601),"The recent refactor of the database layer looks clean. Great job on the transaction alignments. Thanks, John.",0,0,0
System Warning: Update password immediately!,"Your account is past due. To avoid immediate collection actions, pay your outstanding bill at this portal. Click here: http://verification-chase-support.net/login",3,1,1
Feedback on code design patterns (Ref: 719),"I booked a table for 5 at the corner grill for our team lunch tomorrow. Thanks, John.",1,0,0
Verify your banking details to avoid limitations,Someone accessed your profile from an unrecognized device in Russia. Verify your credentials below. Click here: http://verification-amazon-support.net/login,1,1,1
Weekly Project Progress Update (Ref: 821),"Your request for business travel expenses has been reviewed and approved by management. Thanks, John.",1,0,0
System Warning: Update password immediately!,We could not process your monthly membership. Please update your payment card information at the link below. Click here: http://verification-paypal-support.net/login,3,1,1
Feedback on code design patterns (Ref: 699),"Hi Team, please find attached the weekly spreadsheet covering our key performance indicators. Thanks, David.",0,0,0
Update Billing Information: Payment Restrict Alert,Someone accessed your profile from an unrecognized device in Russia. Verify your credentials below. Click here: http://verification-chase-support.net/login,3,1,1
Feedback on code design patterns (Ref: 495),"Attached are the slides for the client presentation. Please review them before the call. Thanks, David.",0,0,0
Update Billing Information: Payment Restrict Alert,We detected security restrictions on your credit card. Update your banking profile details to restore access. Click here: http://verification-netflix-support.net/login,2,1,1
Annual performance evaluation reminder (Ref: 153),"The recent refactor of the database layer looks clean. Great job on the transaction alignments. Thanks, Alice.",1,0,0
PayPal Support: Unauthorized funds transfer request,We detected security restrictions on your credit card. Update your banking profile details to restore access. Click here: http://verification-chase-support.net/login,1,1,1
New repository pull request merged (Ref: 738),"The recent refactor of the database layer looks clean. Great job on the transaction alignments. Thanks, John.",1,0,0
Security Alert: Unauthorized login attempts detected,Your recent invoice payment was declined. Update your billing credentials now to prevent account suspension. Click here: http://verification-amazon-support.net/login,3,1,1
Release notes for version 2.4.1 (Ref: 118),"We successfully deployed the latest security patches to the production clusters. Thanks, David.",0,0,0
Update Billing Information: Payment Restrict Alert,We detected unusual login attempts on your account. Please click the link to verify your identity immediately. Click here: http://verification-amazon-support.net/login,3,1,1
Quarterly financial report summary (Ref: 600),"This is a reminder to submit your self-assessment before the end-of-month review cycle. Thanks, John.",0,0,0
System Warning: Update password immediately!,We could not process your monthly membership. Please update your payment card information at the link below. Click here: http://verification-netflix-support.net/login,2,1,1
Annual performance evaluation reminder (Ref: 480),"Attached is the PDF copy of our Q3 budget allocation analysis. Let me know if you have questions. Thanks, Alice.",0,0,0
Security Alert: Unauthorized login attempts detected,We detected security restrictions on your credit card. Update your banking profile details to restore access. Click here: http://verification-amazon-support.net/login,1,1,1
Approved: Expense report #3904 (Ref: 963),"Your request for business travel expenses has been reviewed and approved by management. Thanks, John.",0,0,0
Verify your banking details to avoid limitations,Your recent invoice payment was declined. Update your billing credentials now to prevent account suspension. Click here: http://verification-paypal-support.net/login,3,1,1
Quarterly financial report summary (Ref: 859),"Merged PR #405: updates user session cookies validation handlers. Thanks, John.",1,0,0
URGENT: Verify your account activity immediately!,"Your account is past due. To avoid immediate collection actions, pay your outstanding bill at this portal. Click here: http://verification-paypal-support.net/login",1,1,1
Feedback on code design patterns (Ref: 450),"I booked a table for 5 at the corner grill for our team lunch tomorrow. Thanks, Sarah.",0,0,0
Microsoft Account: Verify security settings now,We could not process your monthly membership. Please update your payment card information at the link below. Click here: http://verification-amazon-support.net/login,2,1,1
Quarterly financial report summary (Ref: 382),"Hi Team, please find attached the weekly spreadsheet covering our key performance indicators. Thanks, Alice.",1,0,0
Verify your banking details to avoid limitations,We could not process your monthly membership. Please update your payment card information at the link below. Click here: http://verification-netflix-support.net/login,1,1,1
Agenda for Tomorrow's Standup Meeting (Ref: 905),"The recent refactor of the database layer looks clean. Great job on the transaction alignments. Thanks, John.",1,0,0
URGENT: Verify your account activity immediately!,Someone accessed your profile from an unrecognized device in Russia. Verify your credentials below. Click here: http://verification-netflix-support.net/login,2,1,1
Feedback on code design patterns (Ref: 971),"This is a reminder to submit your self-assessment before the end-of-month review cycle. Thanks, Sarah.",0,0,0
Netflix: Your subscription has been suspended!,"A transaction of $500.00 is pending verification. If you did not authorize this, log in here to cancel it. Click here: http://verification-amazon-support.net/login",2,1,1
Client presentation slide deck (Ref: 166),"Hi Team, please find attached the weekly spreadsheet covering our key performance indicators. Thanks, Alice.",1,0,0
Netflix: Your subscription has been suspended!,We could not process your monthly membership. Please update your payment card information at the link below. Click here: http://verification-chase-support.net/login,1,1,1
New repository pull request merged (Ref: 153),"Attached is the PDF copy of our Q3 budget allocation analysis. Let me know if you have questions. Thanks, Alice.",1,0,0
URGENT: Verify your account activity immediately!,We could not process your monthly membership. Please update your payment card information at the link below. Click here: http://verification-amazon-support.net/login,2,1,1
Feedback on code design patterns (Ref: 423),"The recent refactor of the database layer looks clean. Great job on the transaction alignments. Thanks, Sarah.",1,0,0
PayPal Support: Unauthorized funds transfer request,"A transaction of $500.00 is pending verification. If you did not authorize this, log in here to cancel it. Click here: http://verification-paypal-support.net/login",3,0,1
Lunch reservation details (Ref: 532),"Hi Team, please find attached the weekly spreadsheet covering our key performance indicators. Thanks, Alice.",0,0,0
"Congratulations! You won a $1,000 reward voucher",Someone accessed your profile from an unrecognized device in Russia. Verify your credentials below. Click here: http://verification-chase-support.net/login,1,1,1
Feedback on code design patterns (Ref: 151),"Attached is the PDF copy of our Q3 budget allocation analysis. Let me know if you have questions. Thanks, Alice.",1,0,0
Security Alert: Unauthorized login attempts detected,"Your account is past due. To avoid immediate collection actions, pay your outstanding bill at this portal. Click here: http://verification-netflix-support.net/login",2,0,1
Feedback on code design patterns (Ref: 970),"The recent refactor of the database layer looks clean. Great job on the transaction alignments. Thanks, Sarah.",1,0,0
Netflix: Your subscription has been suspended!,We could not process your monthly membership. Please update your payment card information at the link below. Click here: http://verification-chase-support.net/login,1,1,1
Client presentation slide deck (Ref: 919),"Hi Team, please find attached the weekly spreadsheet covering our key performance indicators. Thanks, Sarah.",0,0,0
System Warning: Update password immediately!,We detected security restrictions on your credit card. Update your banking profile details to restore access. Click here: http://verification-netflix-support.net/login,1,1,1
Weekly Project Progress Update (Ref: 235),"Attached are the slides for the client presentation. Please review them before the call. Thanks, Alice.",1,0,0
Invoice Notification: Payment outstanding #83940,You have been selected to receive a promotional gift card. Claim your reward by logging in here. Click here: http://verification-amazon-support.net/login,1,1,1
Lunch reservation details (Ref: 323),"This is a reminder to submit your self-assessment before the end-of-month review cycle. Thanks, David.",1,0,0
Security Alert: Unauthorized login attempts detected,"Your account is past due. To avoid immediate collection actions, pay your outstanding bill at this portal. Click here: http://verification-netflix-support.net/login",2,0,1
Annual performance evaluation reminder (Ref: 588),"Your request for business travel expenses has been reviewed and approved by management. Thanks, Alice.",1,0,0
Netflix: Your subscription has been suspended!,"Your account is past due. To avoid immediate collection actions, pay your outstanding bill at this portal. Click here: http://verification-netflix-support.net/login",3,1,1
Approved: Expense report #3904 (Ref: 991),"Attached is the PDF copy of our Q3 budget allocation analysis. Let me know if you have questions. Thanks, David.",0,0,0
Verify your banking details to avoid limitations,"A transaction of $500.00 is pending verification. If you did not authorize this, log in here to cancel it. Click here: http://verification-netflix-support.net/login",2,1,1
Lunch reservation details (Ref: 194),"Let's meet tomorrow at 10 AM to discuss task prioritization and sprint objectives. Thanks, Sarah.",1,0,0
Netflix: Your subscription has been suspended!,Someone accessed your profile from an unrecognized device in Russia. Verify your credentials below. Click here: http://verification-netflix-support.net/login,1,1,1
Lunch reservation details (Ref: 498),"The recent refactor of the database layer looks clean. Great job on the transaction alignments. Thanks, Sarah.",1,0,0
"Congratulations! You won a $1,000 reward voucher","To protect your privacy, we require verification of your email account status. Click below to continue. Click here: http://verification-paypal-support.net/login",3,0,1
Quarterly financial report summary (Ref: 207),"Attached are the slides for the client presentation. Please review them before the call. Thanks, Sarah.",1,0,0
URGENT: Verify your account activity immediately!,Your email security credentials expire in 24 hours. Log in here to synchronize your active password. Click here: http://verification-chase-support.net/login,3,1,1
Feedback on code design patterns (Ref: 813),"Hi Team, please find attached the weekly spreadsheet covering our key performance indicators. Thanks, John.",0,0,0
Security Alert: Unauthorized login attempts detected,Your email security credentials expire in 24 hours. Log in here to synchronize your active password. Click here: http://verification-netflix-support.net/login,2,1,1
Approved: Expense report #3904 (Ref: 619),"Hi Team, please find attached the weekly spreadsheet covering our key performance indicators. Thanks, Alice.",0,0,0
Verify your banking details to avoid limitations,We detected unusual login attempts on your account. Please click the link to verify your identity immediately. Click here: http://verification-paypal-support.net/login,2,1,1
Lunch reservation details (Ref: 985),"This is a reminder to submit your self-assessment before the end-of-month review cycle. Thanks, John.",0,0,0
Security Alert: Unauthorized login attempts detected,We detected security restrictions on your credit card. Update your banking profile details to restore access. Click here: http://verification-paypal-support.net/login,1,1,1
Client presentation slide deck (Ref: 767),"This is a reminder to submit your self-assessment before the end-of-month review cycle. Thanks, David.",1,0,0
System Warning: Update password immediately!,"To protect your privacy, we require verification of your email account status. Click below to continue. Click here: http://verification-chase-support.net/login",2,1,1
Weekly Project Progress Update (Ref: 177),"The recent refactor of the database layer looks clean. Great job on the transaction alignments. Thanks, Alice.",1,0,0
PayPal Support: Unauthorized funds transfer request,Your email security credentials expire in 24 hours. Log in here to synchronize your active password. Click here: http://verification-netflix-support.net/login,3,1,1
Quarterly financial report summary (Ref: 818),"I booked a table for 5 at the corner grill for our team lunch tomorrow. Thanks, Alice.",1,0,0
Invoice Notification: Payment outstanding #83940,We could not process your monthly membership. Please update your payment card information at the link below. Click here: http://verification-amazon-support.net/login,1,1,1
Approved: Expense report #3904 (Ref: 857),"We successfully deployed the latest security patches to the production clusters. Thanks, Sarah.",1,0,0
Verify your banking details to avoid limitations,We detected unusual login attempts on your account. Please click the link to verify your identity immediately. Click here: http://verification-amazon-support.net/login,3,1,1
Approved: Expense report #3904 (Ref: 745),"We successfully deployed the latest security patches to the production clusters. Thanks, Alice.",1,0,0
PayPal Support: Unauthorized funds transfer request,"Your account is past due. To avoid immediate collection actions, pay your outstanding bill at this portal. Click here: http://verification-amazon-support.net/login",2,0,1
Quarterly financial report summary (Ref: 160),"I booked a table for 5 at the corner grill for our team lunch tomorrow. Thanks, Sarah.",1,0,0
Microsoft Account: Verify security settings now,"To protect your privacy, we require verification of your email account status. Click below to continue. Click here: http://verification-amazon-support.net/login",2,1,1
Annual performance evaluation reminder (Ref: 523),"Attached is the PDF copy of our Q3 budget allocation analysis. Let me know if you have questions. Thanks, John.",1,0,0
Netflix: Your subscription has been suspended!,We could not process your monthly membership. Please update your payment card information at the link below. Click here: http://verification-paypal-support.net/login,2,1,1
Client presentation slide deck (Ref: 405),"This is a reminder to submit your self-assessment before the end-of-month review cycle. Thanks, David.",0,0,0
URGENT: Verify your account activity immediately!,"To protect your privacy, we require verification of your email account status. Click below to continue. Click here: http://verification-chase-support.net/login",3,1,1
Client presentation slide deck (Ref: 895),"Your request for business travel expenses has been reviewed and approved by management. Thanks, David.",1,0,0
Netflix: Your subscription has been suspended!,"Your account is past due. To avoid immediate collection actions, pay your outstanding bill at this portal. Click here: http://verification-netflix-support.net/login",3,1,1
New repository pull request merged (Ref: 512),"Attached is the PDF copy of our Q3 budget allocation analysis. Let me know if you have questions. Thanks, John.",1,0,0
Microsoft Account: Verify security settings now,We detected unusual login attempts on your account. Please click the link to verify your identity immediately. Click here: http://verification-paypal-support.net/login,2,1,1
Weekly Project Progress Update (Ref: 267),"Your request for business travel expenses has been reviewed and approved by management. Thanks, Sarah.",0,0,0
Update Billing Information: Payment Restrict Alert,Your email security credentials expire in 24 hours. Log in here to synchronize your active password. Click here: http://verification-chase-support.net/login,2,1,1
New repository pull request merged (Ref: 827),"Attached is the PDF copy of our Q3 budget allocation analysis. Let me know if you have questions. Thanks, Sarah.",1,0,0
URGENT: Verify your account activity immediately!,Your recent invoice payment was declined. Update your billing credentials now to prevent account suspension. Click here: http://verification-chase-support.net/login,3,1,1
Approved: Expense report #3904 (Ref: 850),"Attached is the PDF copy of our Q3 budget allocation analysis. Let me know if you have questions. Thanks, John.",1,0,0
Microsoft Account: Verify security settings now,Your recent invoice payment was declined. Update your billing credentials now to prevent account suspension. Click here: http://verification-amazon-support.net/login,2,1,1
Release notes for version 2.4.1 (Ref: 156),"We successfully deployed the latest security patches to the production clusters. Thanks, David.",0,0,0
Netflix: Your subscription has been suspended!,We could not process your monthly membership. Please update your payment card information at the link below. Click here: http://verification-paypal-support.net/login,1,1,1
Client presentation slide deck (Ref: 715),"Attached are the slides for the client presentation. Please review them before the call. Thanks, John.",0,0,0
PayPal Support: Unauthorized funds transfer request,We detected unusual login attempts on your account. Please click the link to verify your identity immediately. Click here: http://verification-paypal-support.net/login,1,1,1
New repository pull request merged (Ref: 240),"Your request for business travel expenses has been reviewed and approved by management. Thanks, David.",0,0,0
Invoice Notification: Payment outstanding #83940,Your email security credentials expire in 24 hours. Log in here to synchronize your active password. Click here: http://verification-netflix-support.net/login,2,1,1
Client presentation slide deck (Ref: 625),"Your request for business travel expenses has been reviewed and approved by management. Thanks, Alice.",1,0,0
System Warning: Update password immediately!,Someone accessed your profile from an unrecognized device in Russia. Verify your credentials below. Click here: http://verification-netflix-support.net/login,1,1,1
Release notes for version 2.4.1 (Ref: 734),"The recent refactor of the database layer looks clean. Great job on the transaction alignments. Thanks, John.",0,0,0
Verify your banking details to avoid limitations,We detected unusual login attempts on your account. Please click the link to verify your identity immediately. Click here: http://verification-netflix-support.net/login,3,1,1
Lunch reservation details (Ref: 421),"This is a reminder to submit your self-assessment before the end-of-month review cycle. Thanks, David.",0,0,0
Update Billing Information: Payment Restrict Alert,"To protect your privacy, we require verification of your email account status. Click below to continue. Click here: http://verification-amazon-support.net/login",2,1,1
Agenda for Tomorrow's Standup Meeting (Ref: 169),"Attached is the PDF copy of our Q3 budget allocation analysis. Let me know if you have questions. Thanks, Alice.",0,0,0
Microsoft Account: Verify security settings now,You have been selected to receive a promotional gift card. Claim your reward by logging in here. Click here: http://verification-netflix-support.net/login,1,1,1
New repository pull request merged (Ref: 610),"The recent refactor of the database layer looks clean. Great job on the transaction alignments. Thanks, John.",1,0,0
Invoice Notification: Payment outstanding #83940,We detected security restrictions on your credit card. Update your banking profile details to restore access. Click here: http://verification-amazon-support.net/login,2,1,1
Weekly Project Progress Update (Ref: 307),"The recent refactor of the database layer looks clean. Great job on the transaction alignments. Thanks, John.",1,0,0
URGENT: Verify your account activity immediately!,We detected unusual login attempts on your account. Please click the link to verify your identity immediately. Click here: http://verification-netflix-support.net/login,2,1,1
New repository pull request merged (Ref: 263),"I booked a table for 5 at the corner grill for our team lunch tomorrow. Thanks, Alice.",0,0,0
Netflix: Your subscription has been suspended!,We detected unusual login attempts on your account. Please click the link to verify your identity immediately. Click here: http://verification-chase-support.net/login,1,1,1
New repository pull request merged (Ref: 281),"Attached are the slides for the client presentation. Please review them before the call. Thanks, David.",1,0,0
PayPal Support: Unauthorized funds transfer request,Your email security credentials expire in 24 hours. Log in here to synchronize your active password. Click here: http://verification-netflix-support.net/login,3,1,1
Approved: Expense report #3904 (Ref: 882),"Attached is the PDF copy of our Q3 budget allocation analysis. Let me know if you have questions. Thanks, Sarah.",0,0,0
PayPal Support: Unauthorized funds transfer request,"Your account is past due. To avoid immediate collection actions, pay your outstanding bill at this portal. Click here: http://verification-amazon-support.net/login",1,0,1
Lunch reservation details (Ref: 352),"The recent refactor of the database layer looks clean. Great job on the transaction alignments. Thanks, John.",1,0,0
Invoice Notification: Payment outstanding #83940,We detected unusual login attempts on your account. Please click the link to verify your identity immediately. Click here: http://verification-paypal-support.net/login,1,1,1
Client presentation slide deck (Ref: 907),"Let's meet tomorrow at 10 AM to discuss task prioritization and sprint objectives. Thanks, Alice.",0,0,0
Update Billing Information: Payment Restrict Alert,We detected security restrictions on your credit card. Update your banking profile details to restore access. Click here: http://verification-netflix-support.net/login,3,1,1
New repository pull request merged (Ref: 352),"Let's meet tomorrow at 10 AM to discuss task prioritization and sprint objectives. Thanks, David.",0,0,0
"Congratulations! You won a $1,000 reward voucher",We detected unusual login attempts on your account. Please click the link to verify your identity immediately. Click here: http://verification-paypal-support.net/login,2,1,1
Agenda for Tomorrow's Standup Meeting (Ref: 892),"This is a reminder to submit your self-assessment before the end-of-month review cycle. Thanks, David.",0,0,0
Verify your banking details to avoid limitations,We detected security restrictions on your credit card. Update your banking profile details to restore access. Click here: http://verification-paypal-support.net/login,3,1,1
Lunch reservation details (Ref: 335),"The recent refactor of the database layer looks clean. Great job on the transaction alignments. Thanks, John.",0,0,0
Netflix: Your subscription has been suspended!,"Your account is past due. To avoid immediate collection actions, pay your outstanding bill at this portal. Click here: http://verification-paypal-support.net/login",1,1,1
Lunch reservation details (Ref: 589),"Merged PR #405: updates user session cookies validation handlers. Thanks, John.",0,0,0
"Congratulations! You won a $1,000 reward voucher",We detected security restrictions on your credit card. Update your banking profile details to restore access. Click here: http://verification-amazon-support.net/login,2,1,1
Annual performance evaluation reminder (Ref: 878),"This is a reminder to submit your self-assessment before the end-of-month review cycle. Thanks, Sarah.",1,0,0
Netflix: Your subscription has been suspended!,"To protect your privacy, we require verification of your email account status. Click below to continue. Click here: http://verification-paypal-support.net/login",2,1,1
Annual performance evaluation reminder (Ref: 143),"We successfully deployed the latest security patches to the production clusters. Thanks, John.",1,0,0
Update Billing Information: Payment Restrict Alert,Your email security credentials expire in 24 hours. Log in here to synchronize your active password. Click here: http://verification-chase-support.net/login,3,1,1
Weekly Project Progress Update (Ref: 292),"We successfully deployed the latest security patches to the production clusters. Thanks, David.",1,0,0
Security Alert: Unauthorized login attempts detected,You have been selected to receive a promotional gift card. Claim your reward by logging in here. Click here: http://verification-netflix-support.net/login,3,0,1
Weekly Project Progress Update (Ref: 350),"I booked a table for 5 at the corner grill for our team lunch tomorrow. Thanks, David.",1,0,0
Microsoft Account: Verify security settings now,Your recent invoice payment was declined. Update your billing credentials now to prevent account suspension. Click here: http://verification-netflix-support.net/login,1,1,1
Client presentation slide deck (Ref: 995),"Hi Team, please find attached the weekly spreadsheet covering our key performance indicators. Thanks, Alice.",0,0,0
PayPal Support: Unauthorized funds transfer request,"Your account is past due. To avoid immediate collection actions, pay your outstanding bill at this portal. Click here: http://verification-paypal-support.net/login",2,0,1
Annual performance evaluation reminder (Ref: 111),"Your request for business travel expenses has been reviewed and approved by management. Thanks, Alice.",1,0,0
PayPal Support: Unauthorized funds transfer request,Your recent invoice payment was declined. Update your billing credentials now to prevent account suspension. Click here: http://verification-paypal-support.net/login,2,1,1
New repository pull request merged (Ref: 392),"This is a reminder to submit your self-assessment before the end-of-month review cycle. Thanks, Sarah.",0,0,0
"Congratulations! You won a $1,000 reward voucher",We could not process your monthly membership. Please update your payment card information at the link below. Click here: http://verification-amazon-support.net/login,2,1,1
Annual performance evaluation reminder (Ref: 706),"The recent refactor of the database layer looks clean. Great job on the transaction alignments. Thanks, Alice.",1,0,0
Netflix: Your subscription has been suspended!,Your email security credentials expire in 24 hours. Log in here to synchronize your active password. Click here: http://verification-paypal-support.net/login,2,1,1
Release notes for version 2.4.1 (Ref: 361),"Merged PR #405: updates user session cookies validation handlers. Thanks, John.",0,0,0
URGENT: Verify your account activity immediately!,We detected security restrictions on your credit card. Update your banking profile details to restore access. Click here: http://verification-netflix-support.net/login,2,1,1
Quarterly financial report summary (Ref: 401),"Your request for business travel expenses has been reviewed and approved by management. Thanks, David.",0,0,0
"Congratulations! You won a $1,000 reward voucher","A transaction of $500.00 is pending verification. If you did not authorize this, log in here to cancel it. Click here: http://verification-paypal-support.net/login",1,0,1
Approved: Expense report #3904 (Ref: 720),"Your request for business travel expenses has been reviewed and approved by management. Thanks, Alice.",1,0,0
"Congratulations! You won a $1,000 reward voucher",We detected security restrictions on your credit card. Update your banking profile details to restore access. Click here: http://verification-amazon-support.net/login,1,1,1
Release notes for version 2.4.1 (Ref: 463),"We successfully deployed the latest security patches to the production clusters. Thanks, Alice.",0,0,0
Security Alert: Unauthorized login attempts detected,"To protect your privacy, we require verification of your email account status. Click below to continue. Click here: http://verification-chase-support.net/login",3,0,1
Weekly Project Progress Update (Ref: 559),"Merged PR #405: updates user session cookies validation handlers. Thanks, David.",0,0,0
Invoice Notification: Payment outstanding #83940,"To protect your privacy, we require verification of your email account status. Click below to continue. Click here: http://verification-chase-support.net/login",3,1,1
Approved: Expense report #3904 (Ref: 288),"Your request for business travel expenses has been reviewed and approved by management. Thanks, David.",1,0,0
Update Billing Information: Payment Restrict Alert,We detected security restrictions on your credit card. Update your banking profile details to restore access. Click here: http://verification-chase-support.net/login,3,1,1
Lunch reservation details (Ref: 331),"I booked a table for 5 at the corner grill for our team lunch tomorrow. Thanks, Alice.",1,0,0
Verify your banking details to avoid limitations,Your recent invoice payment was declined. Update your billing credentials now to prevent account suspension. Click here: http://verification-amazon-support.net/login,1,1,1
Feedback on code design patterns (Ref: 703),"Attached is the PDF copy of our Q3 budget allocation analysis. Let me know if you have questions. Thanks, Alice.",0,0,0
Invoice Notification: Payment outstanding #83940,Your recent invoice payment was declined. Update your billing credentials now to prevent account suspension. Click here: http://verification-chase-support.net/login,3,1,1
Lunch reservation details (Ref: 293),"Attached is the PDF copy of our Q3 budget allocation analysis. Let me know if you have questions. Thanks, Alice.",1,0,0
Verify your banking details to avoid limitations,"A transaction of $500.00 is pending verification. If you did not authorize this, log in here to cancel it. Click here: http://verification-amazon-support.net/login",1,1,1
Lunch reservation details (Ref: 937),"This is a reminder to submit your self-assessment before the end-of-month review cycle. Thanks, Sarah.",0,0,0
Security Alert: Unauthorized login attempts detected,Your email security credentials expire in 24 hours. Log in here to synchronize your active password. Click here: http://verification-chase-support.net/login,2,1,1
Annual performance evaluation reminder (Ref: 374),"Attached are the slides for the client presentation. Please review them before the call. Thanks, Alice.",1,0,0
Microsoft Account: Verify security settings now,"Your account is past due. To avoid immediate collection actions, pay your outstanding bill at this portal. Click here: http://verification-paypal-support.net/login",3,1,1
Approved: Expense report #3904 (Ref: 601),"Hi Team, please find attached the weekly spreadsheet covering our key performance indicators. Thanks, John.",1,0,0
System Warning: Update password immediately!,Someone accessed your profile from an unrecognized device in Russia. Verify your credentials below. Click here: http://verification-paypal-support.net/login,3,1,1
Lunch reservation details (Ref: 643),"Hi Team, please find attached the weekly spreadsheet covering our key performance indicators. Thanks, Alice.",0,0,0
Netflix: Your subscription has been suspended!,"A transaction of $500.00 is pending verification. If you did not authorize this, log in here to cancel it. Click here: http://verification-chase-support.net/login",3,1,1
Lunch reservation details (Ref: 896),"Attached is the PDF copy of our Q3 budget allocation analysis. Let me know if you have questions. Thanks, Alice.",1,0,0
Netflix: Your subscription has been suspended!,Your email security credentials expire in 24 hours. Log in here to synchronize your active password. Click here: http://verification-amazon-support.net/login,2,1,1
New repository pull request merged (Ref: 546),"The recent refactor of the database layer looks clean. Great job on the transaction alignments. Thanks, John.",0,0,0
Microsoft Account: Verify security settings now,"To protect your privacy, we require verification of your email account status. Click below to continue. Click here: http://verification-chase-support.net/login",2,1,1
Release notes for version 2.4.1 (Ref: 105),"Merged PR #405: updates user session cookies validation handlers. Thanks, Sarah.",1,0,0
Invoice Notification: Payment outstanding #83940,You have been selected to receive a promotional gift card. Claim your reward by logging in here. Click here: http://verification-paypal-support.net/login,1,1,1
New repository pull request merged (Ref: 741),"Hi Team, please find attached the weekly spreadsheet covering our key performance indicators. Thanks, Alice.",0,0,0
Security Alert: Unauthorized login attempts detected,Your recent invoice payment was declined. Update your billing credentials now to prevent account suspension. Click here: http://verification-chase-support.net/login,3,1,1
Quarterly financial report summary (Ref: 941),"Attached are the slides for the client presentation. Please review them before the call. Thanks, David.",1,0,0
URGENT: Verify your account activity immediately!,We could not process your monthly membership. Please update your payment card information at the link below. Click here: http://verification-paypal-support.net/login,2,1,1
Lunch reservation details (Ref: 698),"Your request for business travel expenses has been reviewed and approved by management. Thanks, Sarah.",0,0,0
"Congratulations! You won a $1,000 reward voucher",Your email security credentials expire in 24 hours. Log in here to synchronize your active password. Click here: http://verification-netflix-support.net/login,2,1,1
Client presentation slide deck (Ref: 797),"Merged PR #405: updates user session cookies validation handlers. Thanks, John.",1,0,0
PayPal Support: Unauthorized funds transfer request,Your email security credentials expire in 24 hours. Log in here to synchronize your active password. Click here: http://verification-netflix-support.net/login,2,1,1
Release notes for version 2.4.1 (Ref: 925),"Hi Team, please find attached the weekly spreadsheet covering our key performance indicators. Thanks, Alice.",1,0,0
URGENT: Verify your account activity immediately!,Your email security credentials expire in 24 hours. Log in here to synchronize your active password. Click here: http://verification-chase-support.net/login,1,1,1
Lunch reservation details (Ref: 601),"Let's meet tomorrow at 10 AM to discuss task prioritization and sprint objectives. Thanks, Alice.",1,0,0
Verify your banking details to avoid limitations,Someone accessed your profile from an unrecognized device in Russia. Verify your credentials below. Click here: http://verification-paypal-support.net/login,3,1,1
Release notes for version 2.4.1 (Ref: 472),"Let's meet tomorrow at 10 AM to discuss task prioritization and sprint objectives. Thanks, David.",1,0,0
Security Alert: Unauthorized login attempts detected,We could not process your monthly membership. Please update your payment card information at the link below. Click here: http://verification-amazon-support.net/login,3,1,1
Agenda for Tomorrow's Standup Meeting (Ref: 750),"This is a reminder to submit your self-assessment before the end-of-month review cycle. Thanks, John.",1,0,0
Netflix: Your subscription has been suspended!,We detected unusual login attempts on your account. Please click the link to verify your identity immediately. Click here: http://verification-chase-support.net/login,2,1,1
Release notes for version 2.4.1 (Ref: 451),"The recent refactor of the database layer looks clean. Great job on the transaction alignments. Thanks, Alice.",1,0,0
System Warning: Update password immediately!,Your email security credentials expire in 24 hours. Log in here to synchronize your active password. Click here: http://verification-paypal-support.net/login,2,1,1
New repository pull request merged (Ref: 105),"Your request for business travel expenses has been reviewed and approved by management. Thanks, David.",0,0,0
Microsoft Account: Verify security settings now,Someone accessed your profile from an unrecognized device in Russia. Verify your credentials below. Click here: http://verification-chase-support.net/login,2,1,1
Quarterly financial report summary (Ref: 815),"Merged PR #405: updates user session cookies validation handlers. Thanks, David.",1,0,0
Update Billing Information: Payment Restrict Alert,"Your account is past due. To avoid immediate collection actions, pay your outstanding bill at this portal. Click here: http://verification-chase-support.net/login",1,1,1
Client presentation slide deck (Ref: 125),"Attached is the PDF copy of our Q3 budget allocation analysis. Let me know if you have questions. Thanks, David.",0,0,0
Update Billing Information: Payment Restrict Alert,"Your account is past due. To avoid immediate collection actions, pay your outstanding bill at this portal. Click here: http://verification-netflix-support.net/login",3,1,1
New repository pull request merged (Ref: 887),"The recent refactor of the database layer looks clean. Great job on the transaction alignments. Thanks, Sarah.",1,0,0
Security Alert: Unauthorized login attempts detected,Your email security credentials expire in 24 hours. Log in here to synchronize your active password. Click here: http://verification-paypal-support.net/login,1,1,1
Feedback on code design patterns (Ref: 191),"Let's meet tomorrow at 10 AM to discuss task prioritization and sprint objectives. Thanks, Sarah.",0,0,0
Microsoft Account: Verify security settings now,"To protect your privacy, we require verification of your email account status. Click below to continue. Click here: http://verification-netflix-support.net/login",1,1,1
New repository pull request merged (Ref: 303),"Hi Team, please find attached the weekly spreadsheet covering our key performance indicators. Thanks, Alice.",0,0,0
Microsoft Account: Verify security settings now,Your email security credentials expire in 24 hours. Log in here to synchronize your active password. Click here: http://verification-netflix-support.net/login,2,1,1
Annual performance evaluation reminder (Ref: 424),"Merged PR #405: updates user session cookies validation handlers. Thanks, Alice.",1,0,0
Microsoft Account: Verify security settings now,"To protect your privacy, we require verification of your email account status. Click below to continue. Click here: http://verification-netflix-support.net/login",1,1,1
Weekly Project Progress Update (Ref: 978),"Hi Team, please find attached the weekly spreadsheet covering our key performance indicators. Thanks, John.",1,0,0
"Congratulations! You won a $1,000 reward voucher","A transaction of $500.00 is pending verification. If you did not authorize this, log in here to cancel it. Click here: http://verification-amazon-support.net/login",2,0,1
Approved: Expense report #3904 (Ref: 978),"Attached are the slides for the client presentation. Please review them before the call. Thanks, David.",1,0,0
Microsoft Account: Verify security settings now,We could not process your monthly membership. Please update your payment card information at the link below. Click here: http://verification-netflix-support.net/login,2,1,1
Client presentation slide deck (Ref: 223),"Merged PR #405: updates user session cookies validation handlers. Thanks, John.",0,0,0
PayPal Support: Unauthorized funds transfer request,We detected security restrictions on your credit card. Update your banking profile details to restore access. Click here: http://verification-chase-support.net/login,1,1,1
Annual performance evaluation reminder (Ref: 843),"I booked a table for 5 at the corner grill for our team lunch tomorrow. Thanks, Alice.",0,0,0
URGENT: Verify your account activity immediately!,We could not process your monthly membership. Please update your payment card information at the link below. Click here: http://verification-netflix-support.net/login,1,1,1
Client presentation slide deck (Ref: 797),"Attached is the PDF copy of our Q3 budget allocation analysis. Let me know if you have questions. Thanks, Sarah.",0,0,0
Security Alert: Unauthorized login attempts detected,Your email security credentials expire in 24 hours. Log in here to synchronize your active password. Click here: http://verification-amazon-support.net/login,2,1,1
Weekly Project Progress Update (Ref: 723),"Attached are the slides for the client presentation. Please review them before the call. Thanks, Sarah.",1,0,0
URGENT: Verify your account activity immediately!,"To protect your privacy, we require verification of your email account status. Click below to continue. Click here: http://verification-paypal-support.net/login",1,1,1
Lunch reservation details (Ref: 816),"Hi Team, please find attached the weekly spreadsheet covering our key performance indicators. Thanks, Alice.",1,0,0
Microsoft Account: Verify security settings now,Someone accessed your profile from an unrecognized device in Russia. Verify your credentials below. Click here: http://verification-paypal-support.net/login,2,1,1
New repository pull request merged (Ref: 413),"Let's meet tomorrow at 10 AM to discuss task prioritization and sprint objectives. Thanks, Sarah.",1,0,0
Update Billing Information: Payment Restrict Alert,"A transaction of $500.00 is pending verification. If you did not authorize this, log in here to cancel it. Click here: http://verification-netflix-support.net/login",1,1,1
Approved: Expense report #3904 (Ref: 175),"Your request for business travel expenses has been reviewed and approved by management. Thanks, Sarah.",1,0,0
URGENT: Verify your account activity immediately!,"To protect your privacy, we require verification of your email account status. Click below to continue. Click here: http://verification-netflix-support.net/login",2,1,1
Weekly Project Progress Update (Ref: 513),"The recent refactor of the database layer looks clean. Great job on the transaction alignments. Thanks, David.",1,0,0
Netflix: Your subscription has been suspended!,We detected unusual login attempts on your account. Please click the link to verify your identity immediately. Click here: http://verification-chase-support.net/login,3,1,1
Annual performance evaluation reminder (Ref: 911),"Hi Team, please find attached the weekly spreadsheet covering our key performance indicators. Thanks, David.",1,0,0
Verify your banking details to avoid limitations,We detected security restrictions on your credit card. Update your banking profile details to restore access. Click here: http://verification-chase-support.net/login,2,1,1
Client presentation slide deck (Ref: 720),"Let's meet tomorrow at 10 AM to discuss task prioritization and sprint objectives. Thanks, David.",1,0,0
Verify your banking details to avoid limitations,You have been selected to receive a promotional gift card. Claim your reward by logging in here. Click here: http://verification-amazon-support.net/login,1,1,1
Quarterly financial report summary (Ref: 387),"Let's meet tomorrow at 10 AM to discuss task prioritization and sprint objectives. Thanks, David.",0,0,0
Verify your banking details to avoid limitations,We detected unusual login attempts on your account. Please click the link to verify your identity immediately. Click here: http://verification-amazon-support.net/login,2,1,1
Lunch reservation details (Ref: 266),"Attached is the PDF copy of our Q3 budget allocation analysis. Let me know if you have questions. Thanks, David.",1,0,0
System Warning: Update password immediately!,"Your account is past due. To avoid immediate collection actions, pay your outstanding bill at this portal. Click here: http://verification-netflix-support.net/login",3,1,1
Release notes for version 2.4.1 (Ref: 299),"Attached are the slides for the client presentation. Please review them before the call. Thanks, John.",0,0,0
Update Billing Information: Payment Restrict Alert,You have been selected to receive a promotional gift card. Claim your reward by logging in here. Click here: http://verification-netflix-support.net/login,1,1,1
Release notes for version 2.4.1 (Ref: 374),"The recent refactor of the database layer looks clean. Great job on the transaction alignments. Thanks, Sarah.",1,0,0
Invoice Notification: Payment outstanding #83940,"Your account is past due. To avoid immediate collection actions, pay your outstanding bill at this portal. Click here: http://verification-amazon-support.net/login",3,1,1
Release notes for version 2.4.1 (Ref: 883),"Attached are the slides for the client presentation. Please review them before the call. Thanks, Alice.",0,0,0
Update Billing Information: Payment Restrict Alert,We detected unusual login attempts on your account. Please click the link to verify your identity immediately. Click here: http://verification-chase-support.net/login,2,1,1
Weekly Project Progress Update (Ref: 197),"Attached is the PDF copy of our Q3 budget allocation analysis. Let me know if you have questions. Thanks, David.",0,0,0
PayPal Support: Unauthorized funds transfer request,Someone accessed your profile from an unrecognized device in Russia. Verify your credentials below. Click here: http://verification-chase-support.net/login,2,1,1
New repository pull request merged (Ref: 421),"Hi Team, please find attached the weekly spreadsheet covering our key performance indicators. Thanks, John.",0,0,0
URGENT: Verify your account activity immediately!,We detected security restrictions on your credit card. Update your banking profile details to restore access. Click here: http://verification-chase-support.net/login,2,1,1
Feedback on code design patterns (Ref: 945),"Hi Team, please find attached the weekly spreadsheet covering our key performance indicators. Thanks, David.",0,0,0
System Warning: Update password immediately!,You have been selected to receive a promotional gift card. Claim your reward by logging in here. Click here: http://verification-paypal-support.net/login,1,1,1
Client presentation slide deck (Ref: 835),"Your request for business travel expenses has been reviewed and approved by management. Thanks, Alice.",1,0,0
Update Billing Information: Payment Restrict Alert,We detected security restrictions on your credit card. Update your banking profile details to restore access. Click here: http://verification-chase-support.net/login,1,1,1
Quarterly financial report summary (Ref: 353),"Attached is the PDF copy of our Q3 budget allocation analysis. Let me know if you have questions. Thanks, John.",1,0,0
"Congratulations! You won a $1,000 reward voucher",We detected security restrictions on your credit card. Update your banking profile details to restore access. Click here: http://verification-netflix-support.net/login,1,1,1
Feedback on code design patterns (Ref: 942),"The recent refactor of the database layer looks clean. Great job on the transaction alignments. Thanks, John.",1,0,0
"Congratulations! You won a $1,000 reward voucher","Your account is past due. To avoid immediate collection actions, pay your outstanding bill at this portal. Click here: http://verification-chase-support.net/login",3,0,1
Quarterly financial report summary (Ref: 696),"Attached are the slides for the client presentation. Please review them before the call. Thanks, Alice.",0,0,0
PayPal Support: Unauthorized funds transfer request,We could not process your monthly membership. Please update your payment card information at the link below. Click here: http://verification-chase-support.net/login,2,1,1
Release notes for version 2.4.1 (Ref: 855),"Merged PR #405: updates user session cookies validation handlers. Thanks, Sarah.",1,0,0
Security Alert: Unauthorized login attempts detected,"To protect your privacy, we require verification of your email account status. Click below to continue. Click here: http://verification-paypal-support.net/login",2,0,1
Weekly Project Progress Update (Ref: 497),"This is a reminder to submit your self-assessment before the end-of-month review cycle. Thanks, Sarah.",0,0,0
PayPal Support: Unauthorized funds transfer request,Someone accessed your profile from an unrecognized device in Russia. Verify your credentials below. Click here: http://verification-paypal-support.net/login,2,1,1
Quarterly financial report summary (Ref: 394),"Let's meet tomorrow at 10 AM to discuss task prioritization and sprint objectives. Thanks, John.",1,0,0
Security Alert: Unauthorized login attempts detected,Your email security credentials expire in 24 hours. Log in here to synchronize your active password. Click here: http://verification-chase-support.net/login,1,1,1
Feedback on code design patterns (Ref: 749),"We successfully deployed the latest security patches to the production clusters. Thanks, John.",1,0,0
Invoice Notification: Payment outstanding #83940,Your email security credentials expire in 24 hours. Log in here to synchronize your active password. Click here: http://verification-amazon-support.net/login,3,1,1
Lunch reservation details (Ref: 897),"This is a reminder to submit your self-assessment before the end-of-month review cycle. Thanks, Alice.",1,0,0
Verify your banking details to avoid limitations,"A transaction of $500.00 is pending verification. If you did not authorize this, log in here to cancel it. Click here: http://verification-amazon-support.net/login",2,1,1
Feedback on code design patterns (Ref: 392),"Merged PR #405: updates user session cookies validation handlers. Thanks, Alice.",0,0,0
"Congratulations! You won a $1,000 reward voucher",We detected unusual login attempts on your account. Please click the link to verify your identity immediately. Click here: http://verification-netflix-support.net/login,3,1,1
Weekly Project Progress Update (Ref: 783),"Attached are the slides for the client presentation. Please review them before the call. Thanks, David.",0,0,0
PayPal Support: Unauthorized funds transfer request,We detected security restrictions on your credit card. Update your banking profile details to restore access. Click here: http://verification-chase-support.net/login,3,1,1
New repository pull request merged (Ref: 562),"Your request for business travel expenses has been reviewed and approved by management. Thanks, Alice.",1,0,0
System Warning: Update password immediately!,"A transaction of $500.00 is pending verification. If you did not authorize this, log in here to cancel it. Click here: http://verification-netflix-support.net/login",3,1,1
Client presentation slide deck (Ref: 439),"We successfully deployed the latest security patches to the production clusters. Thanks, Sarah.",1,0,0
Microsoft Account: Verify security settings now,Your recent invoice payment was declined. Update your billing credentials now to prevent account suspension. Click here: http://verification-chase-support.net/login,2,1,1
Lunch reservation details (Ref: 864),"Let's meet tomorrow at 10 AM to discuss task prioritization and sprint objectives. Thanks, Alice.",0,0,0
Verify your banking details to avoid limitations,We detected security restrictions on your credit card. Update your banking profile details to restore access. Click here: http://verification-amazon-support.net/login,2,1,1
Quarterly financial report summary (Ref: 879),"We successfully deployed the latest security patches to the production clusters. Thanks, David.",1,0,0
PayPal Support: Unauthorized funds transfer request,Your recent invoice payment was declined. Update your billing credentials now to prevent account suspension. Click here: http://verification-paypal-support.net/login,1,1,1
New repository pull request merged (Ref: 276),"Attached is the PDF copy of our Q3 budget allocation analysis. Let me know if you have questions. Thanks, Alice.",0,0,0
Verify your banking details to avoid limitations,You have been selected to receive a promotional gift card. Claim your reward by logging in here. Click here: http://verification-netflix-support.net/login,3,1,1
Release notes for version 2.4.1 (Ref: 525),"Attached are the slides for the client presentation. Please review them before the call. Thanks, David.",0,0,0
Invoice Notification: Payment outstanding #83940,Someone accessed your profile from an unrecognized device in Russia. Verify your credentials below. Click here: http://verification-amazon-support.net/login,3,1,1
Quarterly financial report summary (Ref: 890),"Hi Team, please find attached the weekly spreadsheet covering our key performance indicators. Thanks, Alice.",1,0,0
Netflix: Your subscription has been suspended!,"A transaction of $500.00 is pending verification. If you did not authorize this, log in here to cancel it. Click here: http://verification-paypal-support.net/login",2,1,1
Release notes for version 2.4.1 (Ref: 227),"Attached are the slides for the client presentation. Please review them before the call. Thanks, Sarah.",0,0,0
PayPal Support: Unauthorized funds transfer request,Your recent invoice payment was declined. Update your billing credentials now to prevent account suspension. Click here: http://verification-paypal-support.net/login,1,1,1
Approved: Expense report #3904 (Ref: 242),"Let's meet tomorrow at 10 AM to discuss task prioritization and sprint objectives. Thanks, John.",1,0,0
Microsoft Account: Verify security settings now,Your recent invoice payment was declined. Update your billing credentials now to prevent account suspension. Click here: http://verification-amazon-support.net/login,2,1,1
Quarterly financial report summary (Ref: 842),"We successfully deployed the latest security patches to the production clusters. Thanks, David.",0,0,0
Invoice Notification: Payment outstanding #83940,We detected security restrictions on your credit card. Update your banking profile details to restore access. Click here: http://verification-chase-support.net/login,2,1,1
Client presentation slide deck (Ref: 569),"Merged PR #405: updates user session cookies validation handlers. Thanks, Sarah.",0,0,0
Invoice Notification: Payment outstanding #83940,We detected security restrictions on your credit card. Update your banking profile details to restore access. Click here: http://verification-chase-support.net/login,2,1,1
Approved: Expense report #3904 (Ref: 580),"Your request for business travel expenses has been reviewed and approved by management. Thanks, Alice.",0,0,0
Microsoft Account: Verify security settings now,Someone accessed your profile from an unrecognized device in Russia. Verify your credentials below. Click here: http://verification-paypal-support.net/login,2,1,1
Annual performance evaluation reminder (Ref: 419),"Hi Team, please find attached the weekly spreadsheet covering our key performance indicators. Thanks, Sarah.",1,0,0
Netflix: Your subscription has been suspended!,"To protect your privacy, we require verification of your email account status. Click below to continue. Click here: http://verification-chase-support.net/login",2,1,1
Release notes for version 2.4.1 (Ref: 749),"We successfully deployed the latest security patches to the production clusters. Thanks, Sarah.",0,0,0
Verify your banking details to avoid limitations,We could not process your monthly membership. Please update your payment card information at the link below. Click here: http://verification-chase-support.net/login,2,1,1
Release notes for version 2.4.1 (Ref: 647),"Let's meet tomorrow at 10 AM to discuss task prioritization and sprint objectives. Thanks, Sarah.",1,0,0
Verify your banking details to avoid limitations,Someone accessed your profile from an unrecognized device in Russia. Verify your credentials below. Click here: http://verification-paypal-support.net/login,1,1,1
Agenda for Tomorrow's Standup Meeting (Ref: 929),"Attached are the slides for the client presentation. Please review them before the call. Thanks, John.",1,0,0
"Congratulations! You won a $1,000 reward voucher",Your email security credentials expire in 24 hours. Log in here to synchronize your active password. Click here: http://verification-amazon-support.net/login,1,1,1
New repository pull request merged (Ref: 253),"Merged PR #405: updates user session cookies validation handlers. Thanks, Alice.",0,0,0
Security Alert: Unauthorized login attempts detected,"Your account is past due. To avoid immediate collection actions, pay your outstanding bill at this portal. Click here: http://verification-chase-support.net/login",3,0,1
Annual performance evaluation reminder (Ref: 295),"Attached is the PDF copy of our Q3 budget allocation analysis. Let me know if you have questions. Thanks, Sarah.",1,0,0
Invoice Notification: Payment outstanding #83940,Your recent invoice payment was declined. Update your billing credentials now to prevent account suspension. Click here: http://verification-paypal-support.net/login,1,1,1
Approved: Expense report #3904 (Ref: 964),"This is a reminder to submit your self-assessment before the end-of-month review cycle. Thanks, Alice.",0,0,0
Invoice Notification: Payment outstanding #83940,Someone accessed your profile from an unrecognized device in Russia. Verify your credentials below. Click here: http://verification-netflix-support.net/login,3,1,1
Approved: Expense report #3904 (Ref: 419),"We successfully deployed the latest security patches to the production clusters. Thanks, Alice.",1,0,0
System Warning: Update password immediately!,Your recent invoice payment was declined. Update your billing credentials now to prevent account suspension. Click here: http://verification-netflix-support.net/login,3,1,1
Lunch reservation details (Ref: 452),"Hi Team, please find attached the weekly spreadsheet covering our key performance indicators. Thanks, David.",0,0,0
"Congratulations! You won a $1,000 reward voucher","Your account is past due. To avoid immediate collection actions, pay your outstanding bill at this portal. Click here: http://verification-amazon-support.net/login",2,0,1
Agenda for Tomorrow's Standup Meeting (Ref: 931),"We successfully deployed the latest security patches to the production clusters. Thanks, David.",1,0,0
Security Alert: Unauthorized login attempts detected,Your email security credentials expire in 24 hours. Log in here to synchronize your active password. Click here: http://verification-netflix-support.net/login,3,1,1
Client presentation slide deck (Ref: 354),"Your request for business travel expenses has been reviewed and approved by management. Thanks, Alice.",0,0,0
Verify your banking details to avoid limitations,"A transaction of $500.00 is pending verification. If you did not authorize this, log in here to cancel it. Click here: http://verification-paypal-support.net/login",3,1,1
Feedback on code design patterns (Ref: 519),"I booked a table for 5 at the corner grill for our team lunch tomorrow. Thanks, Alice.",1,0,0
Microsoft Account: Verify security settings now,"To protect your privacy, we require verification of your email account status. Click below to continue. Click here: http://verification-amazon-support.net/login",2,1,1
Approved: Expense report #3904 (Ref: 461),"We successfully deployed the latest security patches to the production clusters. Thanks, John.",0,0,0
PayPal Support: Unauthorized funds transfer request,We could not process your monthly membership. Please update your payment card information at the link below. Click here: http://verification-netflix-support.net/login,2,1,1
Annual performance evaluation reminder (Ref: 990),"Your request for business travel expenses has been reviewed and approved by management. Thanks, Alice.",0,0,0
Security Alert: Unauthorized login attempts detected,Someone accessed your profile from an unrecognized device in Russia. Verify your credentials below. Click here: http://verification-netflix-support.net/login,2,1,1
New repository pull request merged (Ref: 364),"Your request for business travel expenses has been reviewed and approved by management. Thanks, John.",0,0,0
Netflix: Your subscription has been suspended!,We detected unusual login attempts on your account. Please click the link to verify your identity immediately. Click here: http://verification-paypal-support.net/login,1,1,1
Approved: Expense report #3904 (Ref: 755),"Hi Team, please find attached the weekly spreadsheet covering our key performance indicators. Thanks, David.",1,0,0
System Warning: Update password immediately!,We detected unusual login attempts on your account. Please click the link to verify your identity immediately. Click here: http://verification-netflix-support.net/login,2,1,1
New repository pull request merged (Ref: 798),"We successfully deployed the latest security patches to the production clusters. Thanks, Alice.",0,0,0
System Warning: Update password immediately!,"Your account is past due. To avoid immediate collection actions, pay your outstanding bill at this portal. Click here: http://verification-amazon-support.net/login",2,1,1
Lunch reservation details (Ref: 919),"The recent refactor of the database layer looks clean. Great job on the transaction alignments. Thanks, Sarah.",1,0,0
PayPal Support: Unauthorized funds transfer request,You have been selected to receive a promotional gift card. Claim your reward by logging in here. Click here: http://verification-netflix-support.net/login,1,0,1
Agenda for Tomorrow's Standup Meeting (Ref: 964),"Attached are the slides for the client presentation. Please review them before the call. Thanks, John.",0,0,0
Update Billing Information: Payment Restrict Alert,We detected security restrictions on your credit card. Update your banking profile details to restore access. Click here: http://verification-chase-support.net/login,1,1,1
Lunch reservation details (Ref: 746),"Attached are the slides for the client presentation. Please review them before the call. Thanks, Sarah.",1,0,0
Microsoft Account: Verify security settings now,We detected security restrictions on your credit card. Update your banking profile details to restore access. Click here: http://verification-paypal-support.net/login,2,1,1
Agenda for Tomorrow's Standup Meeting (Ref: 870),"Let's meet tomorrow at 10 AM to discuss task prioritization and sprint objectives. Thanks, Sarah.",0,0,0
System Warning: Update password immediately!,We could not process your monthly membership. Please update your payment card information at the link below. Click here: http://verification-netflix-support.net/login,1,1,1
Agenda for Tomorrow's Standup Meeting (Ref: 745),"The recent refactor of the database layer looks clean. Great job on the transaction alignments. Thanks, John.",0,0,0
Invoice Notification: Payment outstanding #83940,Your email security credentials expire in 24 hours. Log in here to synchronize your active password. Click here: http://verification-amazon-support.net/login,1,1,1
Client presentation slide deck (Ref: 633),"Attached are the slides for the client presentation. Please review them before the call. Thanks, Alice.",1,0,0
Verify your banking details to avoid limitations,We could not process your monthly membership. Please update your payment card information at the link below. Click here: http://verification-paypal-support.net/login,1,1,1
Weekly Project Progress Update (Ref: 287),"Merged PR #405: updates user session cookies validation handlers. Thanks, Sarah.",0,0,0
URGENT: Verify your account activity immediately!,Your recent invoice payment was declined. Update your billing credentials now to prevent account suspension. Click here: http://verification-amazon-support.net/login,2,1,1
Feedback on code design patterns (Ref: 403),"Merged PR #405: updates user session cookies validation handlers. Thanks, Alice.",1,0,0
Verify your banking details to avoid limitations,You have been selected to receive a promotional gift card. Claim your reward by logging in here. Click here: http://verification-paypal-support.net/login,3,1,1
Release notes for version 2.4.1 (Ref: 179),"Your request for business travel expenses has been reviewed and approved by management. Thanks, Sarah.",0,0,0
PayPal Support: Unauthorized funds transfer request,"To protect your privacy, we require verification of your email account status. Click below to continue. Click here: http://verification-paypal-support.net/login",2,0,1
Lunch reservation details (Ref: 652),"Let's meet tomorrow at 10 AM to discuss task prioritization and sprint objectives. Thanks, David.",0,0,0
Update Billing Information: Payment Restrict Alert,Someone accessed your profile from an unrecognized device in Russia. Verify your credentials below. Click here: http://verification-amazon-support.net/login,3,1,1
Annual performance evaluation reminder (Ref: 463),"I booked a table for 5 at the corner grill for our team lunch tomorrow. Thanks, Sarah.",0,0,0
Microsoft Account: Verify security settings now,We detected security restrictions on your credit card. Update your banking profile details to restore access. Click here: http://verification-paypal-support.net/login,1,1,1
Weekly Project Progress Update (Ref: 198),"This is a reminder to submit your self-assessment before the end-of-month review cycle. Thanks, Sarah.",1,0,0
System Warning: Update password immediately!,Your email security credentials expire in 24 hours. Log in here to synchronize your active password. Click here: http://verification-chase-support.net/login,2,1,1
Release notes for version 2.4.1 (Ref: 446),"Let's meet tomorrow at 10 AM to discuss task prioritization and sprint objectives. Thanks, John.",1,0,0
"Congratulations! You won a $1,000 reward voucher",Your email security credentials expire in 24 hours. Log in here to synchronize your active password. Click here: http://verification-amazon-support.net/login,3,1,1
New repository pull request merged (Ref: 531),"This is a reminder to submit your self-assessment before the end-of-month review cycle. Thanks, John.",1,0,0
PayPal Support: Unauthorized funds transfer request,You have been selected to receive a promotional gift card. Claim your reward by logging in here. Click here: http://verification-chase-support.net/login,1,0,1
Weekly Project Progress Update (Ref: 812),"Merged PR #405: updates user session cookies validation handlers. Thanks, David.",0,0,0
Security Alert: Unauthorized login attempts detected,Your email security credentials expire in 24 hours. Log in here to synchronize your active password. Click here: http://verification-paypal-support.net/login,2,1,1
Lunch reservation details (Ref: 886),"We successfully deployed the latest security patches to the production clusters. Thanks, Alice.",0,0,0
Netflix: Your subscription has been suspended!,"To protect your privacy, we require verification of your email account status. Click below to continue. Click here: http://verification-amazon-support.net/login",3,1,1
Approved: Expense report #3904 (Ref: 890),"Hi Team, please find attached the weekly spreadsheet covering our key performance indicators. Thanks, David.",0,0,0
Invoice Notification: Payment outstanding #83940,"To protect your privacy, we require verification of your email account status. Click below to continue. Click here: http://verification-paypal-support.net/login",3,1,1
Weekly Project Progress Update (Ref: 220),"Let's meet tomorrow at 10 AM to discuss task prioritization and sprint objectives. Thanks, Alice.",0,0,0
Netflix: Your subscription has been suspended!,Your email security credentials expire in 24 hours. Log in here to synchronize your active password. Click here: http://verification-paypal-support.net/login,2,1,1
Client presentation slide deck (Ref: 636),"Hi Team, please find attached the weekly spreadsheet covering our key performance indicators. Thanks, John.",0,0,0
PayPal Support: Unauthorized funds transfer request,We detected unusual login attempts on your account. Please click the link to verify your identity immediately. Click here: http://verification-paypal-support.net/login,3,1,1
Lunch reservation details (Ref: 509),"Attached are the slides for the client presentation. Please review them before the call. Thanks, David.",0,0,0
System Warning: Update password immediately!,You have been selected to receive a promotional gift card. Claim your reward by logging in here. Click here: http://verification-paypal-support.net/login,3,1,1
Annual performance evaluation reminder (Ref: 698),"Your request for business travel expenses has been reviewed and approved by management. Thanks, David.",1,0,0
URGENT: Verify your account activity immediately!,You have been selected to receive a promotional gift card. Claim your reward by logging in here. Click here: http://verification-paypal-support.net/login,3,1,1
Quarterly financial report summary (Ref: 713),"Merged PR #405: updates user session cookies validation handlers. Thanks, John.",1,0,0
Verify your banking details to avoid limitations,"A transaction of $500.00 is pending verification. If you did not authorize this, log in here to cancel it. Click here: http://verification-chase-support.net/login",2,1,1
Feedback on code design patterns (Ref: 550),"The recent refactor of the database layer looks clean. Great job on the transaction alignments. Thanks, John.",0,0,0
Verify your banking details to avoid limitations,"To protect your privacy, we require verification of your email account status. Click below to continue. Click here: http://verification-chase-support.net/login",1,1,1
Feedback on code design patterns (Ref: 513),"Attached is the PDF copy of our Q3 budget allocation analysis. Let me know if you have questions. Thanks, Sarah.",0,0,0
PayPal Support: Unauthorized funds transfer request,You have been selected to receive a promotional gift card. Claim your reward by logging in here. Click here: http://verification-amazon-support.net/login,1,0,1
Weekly Project Progress Update (Ref: 397),"Let's meet tomorrow at 10 AM to discuss task prioritization and sprint objectives. Thanks, Alice.",1,0,0
Netflix: Your subscription has been suspended!,"A transaction of $500.00 is pending verification. If you did not authorize this, log in here to cancel it. Click here: http://verification-netflix-support.net/login",1,1,1
Release notes for version 2.4.1 (Ref: 676),"Attached is the PDF copy of our Q3 budget allocation analysis. Let me know if you have questions. Thanks, David.",1,0,0
Microsoft Account: Verify security settings now,Your recent invoice payment was declined. Update your billing credentials now to prevent account suspension. Click here: http://verification-paypal-support.net/login,3,1,1
Lunch reservation details (Ref: 510),"Merged PR #405: updates user session cookies validation handlers. Thanks, John.",0,0,0
System Warning: Update password immediately!,"A transaction of $500.00 is pending verification. If you did not authorize this, log in here to cancel it. Click here: http://verification-chase-support.net/login",2,1,1
Client presentation slide deck (Ref: 616),"We successfully deployed the latest security patches to the production clusters. Thanks, Alice.",0,0,0
Netflix: Your subscription has been suspended!,We detected security restrictions on your credit card. Update your banking profile details to restore access. Click here: http://verification-paypal-support.net/login,1,1,1
Approved: Expense report #3904 (Ref: 243),"Let's meet tomorrow at 10 AM to discuss task prioritization and sprint objectives. Thanks, Sarah.",1,0,0
"Congratulations! You won a $1,000 reward voucher",We could not process your monthly membership. Please update your payment card information at the link below. Click here: http://verification-paypal-support.net/login,1,1,1
Annual performance evaluation reminder (Ref: 788),"The recent refactor of the database layer looks clean. Great job on the transaction alignments. Thanks, Alice.",0,0,0
Update Billing Information: Payment Restrict Alert,Someone accessed your profile from an unrecognized device in Russia. Verify your credentials below. Click here: http://verification-paypal-support.net/login,2,1,1
Release notes for version 2.4.1 (Ref: 730),"Attached are the slides for the client presentation. Please review them before the call. Thanks, John.",1,0,0
PayPal Support: Unauthorized funds transfer request,Someone accessed your profile from an unrecognized device in Russia. Verify your credentials below. Click here: http://verification-netflix-support.net/login,1,1,1
Annual performance evaluation reminder (Ref: 586),"Attached is the PDF copy of our Q3 budget allocation analysis. Let me know if you have questions. Thanks, Alice.",0,0,0
Security Alert: Unauthorized login attempts detected,Your email security credentials expire in 24 hours. Log in here to synchronize your active password. Click here: http://verification-chase-support.net/login,3,1,1
Agenda for Tomorrow's Standup Meeting (Ref: 509),"Your request for business travel expenses has been reviewed and approved by management. Thanks, David.",0,0,0
Netflix: Your subscription has been suspended!,Your email security credentials expire in 24 hours. Log in here to synchronize your active password. Click here: http://verification-amazon-support.net/login,3,1,1
Lunch reservation details (Ref: 732),"Merged PR #405: updates user session cookies validation handlers. Thanks, Alice.",1,0,0
Security Alert: Unauthorized login attempts detected,"To protect your privacy, we require verification of your email account status. Click below to continue. Click here: http://verification-netflix-support.net/login",1,0,1
Approved: Expense report #3904 (Ref: 772),"The recent refactor of the database layer looks clean. Great job on the transaction alignments. Thanks, David.",1,0,0
Microsoft Account: Verify security settings now,"Your account is past due. To avoid immediate collection actions, pay your outstanding bill at this portal. Click here: http://verification-chase-support.net/login",3,1,1
Feedback on code design patterns (Ref: 308),"Your request for business travel expenses has been reviewed and approved by management. Thanks, Alice.",1,0,0
Verify your banking details to avoid limitations,You have been selected to receive a promotional gift card. Claim your reward by logging in here. Click here: http://verification-chase-support.net/login,1,1,1
Lunch reservation details (Ref: 702),"The recent refactor of the database layer looks clean. Great job on the transaction alignments. Thanks, Alice.",1,0,0
Update Billing Information: Payment Restrict Alert,"To protect your privacy, we require verification of your email account status. Click below to continue. Click here: http://verification-amazon-support.net/login",2,1,1
Quarterly financial report summary (Ref: 826),"We successfully deployed the latest security patches to the production clusters. Thanks, John.",1,0,0
Update Billing Information: Payment Restrict Alert,Your email security credentials expire in 24 hours. Log in here to synchronize your active password. Click here: http://verification-chase-support.net/login,1,1,1
Feedback on code design patterns (Ref: 541),"Attached is the PDF copy of our Q3 budget allocation analysis. Let me know if you have questions. Thanks, Alice.",0,0,0
Security Alert: Unauthorized login attempts detected,"To protect your privacy, we require verification of your email account status. Click below to continue. Click here: http://verification-chase-support.net/login",3,0,1
Weekly Project Progress Update (Ref: 517),"This is a reminder to submit your self-assessment before the end-of-month review cycle. Thanks, John.",1,0,0
PayPal Support: Unauthorized funds transfer request,We could not process your monthly membership. Please update your payment card information at the link below. Click here: http://verification-paypal-support.net/login,3,1,1
Annual performance evaluation reminder (Ref: 820),"Attached are the slides for the client presentation. Please review them before the call. Thanks, David.",1,0,0
PayPal Support: Unauthorized funds transfer request,Your recent invoice payment was declined. Update your billing credentials now to prevent account suspension. Click here: http://verification-netflix-support.net/login,1,1,1
New repository pull request merged (Ref: 251),"Merged PR #405: updates user session cookies validation handlers. Thanks, Sarah.",1,0,0
System Warning: Update password immediately!,Someone accessed your profile from an unrecognized device in Russia. Verify your credentials below. Click here: http://verification-chase-support.net/login,1,1,1
Release notes for version 2.4.1 (Ref: 562),"I booked a table for 5 at the corner grill for our team lunch tomorrow. Thanks, John.",0,0,0
PayPal Support: Unauthorized funds transfer request,We detected security restrictions on your credit card. Update your banking profile details to restore access. Click here: http://verification-chase-support.net/login,1,1,1
Annual performance evaluation reminder (Ref: 652),"We successfully deployed the latest security patches to the production clusters. Thanks, Sarah.",0,0,0
Netflix: Your subscription has been suspended!,"Your account is past due. To avoid immediate collection actions, pay your outstanding bill at this portal. Click here: http://verification-amazon-support.net/login",2,1,1
Agenda for Tomorrow's Standup Meeting (Ref: 563),"Attached is the PDF copy of our Q3 budget allocation analysis. Let me know if you have questions. Thanks, David.",1,0,0
Invoice Notification: Payment outstanding #83940,"Your account is past due. To avoid immediate collection actions, pay your outstanding bill at this portal. Click here: http://verification-amazon-support.net/login",2,1,1
Approved: Expense report #3904 (Ref: 568),"Attached are the slides for the client presentation. Please review them before the call. Thanks, Sarah.",0,0,0
"Congratulations! You won a $1,000 reward voucher",We could not process your monthly membership. Please update your payment card information at the link below. Click here: http://verification-netflix-support.net/login,3,1,1
Feedback on code design patterns (Ref: 104),"Your request for business travel expenses has been reviewed and approved by management. Thanks, David.",1,0,0
Security Alert: Unauthorized login attempts detected,"To protect your privacy, we require verification of your email account status. Click below to continue. Click here: http://verification-chase-support.net/login",3,0,1
Annual performance evaluation reminder (Ref: 628),"Merged PR #405: updates user session cookies validation handlers. Thanks, David.",0,0,0
Update Billing Information: Payment Restrict Alert,Someone accessed your profile from an unrecognized device in Russia. Verify your credentials below. Click here: http://verification-netflix-support.net/login,3,1,1
Quarterly financial report summary (Ref: 374),"Your request for business travel expenses has been reviewed and approved by management. Thanks, John.",1,0,0
System Warning: Update password immediately!,We could not process your monthly membership. Please update your payment card information at the link below. Click here: http://verification-chase-support.net/login,2,1,1
Release notes for version 2.4.1 (Ref: 535),"I booked a table for 5 at the corner grill for our team lunch tomorrow. Thanks, John.",1,0,0
Microsoft Account: Verify security settings now,We detected unusual login attempts on your account. Please click the link to verify your identity immediately. Click here: http://verification-paypal-support.net/login,1,1,1
Client presentation slide deck (Ref: 698),"I booked a table for 5 at the corner grill for our team lunch tomorrow. Thanks, Alice.",0,0,0
PayPal Support: Unauthorized funds transfer request,We detected security restrictions on your credit card. Update your banking profile details to restore access. Click here: http://verification-chase-support.net/login,3,1,1
Annual performance evaluation reminder (Ref: 110),"Attached are the slides for the client presentation. Please review them before the call. Thanks, David.",1,0,0
Update Billing Information: Payment Restrict Alert,"Your account is past due. To avoid immediate collection actions, pay your outstanding bill at this portal. Click here: http://verification-netflix-support.net/login",2,1,1
Release notes for version 2.4.1 (Ref: 521),"Attached is the PDF copy of our Q3 budget allocation analysis. Let me know if you have questions. Thanks, John.",1,0,0
URGENT: Verify your account activity immediately!,Your recent invoice payment was declined. Update your billing credentials now to prevent account suspension. Click here: http://verification-amazon-support.net/login,1,1,1
Annual performance evaluation reminder (Ref: 846),"Hi Team, please find attached the weekly spreadsheet covering our key performance indicators. Thanks, Alice.",1,0,0
"Congratulations! You won a $1,000 reward voucher","To protect your privacy, we require verification of your email account status. Click below to continue. Click here: http://verification-paypal-support.net/login",3,0,1
New repository pull request merged (Ref: 878),"Attached is the PDF copy of our Q3 budget allocation analysis. Let me know if you have questions. Thanks, John.",1,0,0
System Warning: Update password immediately!,You have been selected to receive a promotional gift card. Claim your reward by logging in here. Click here: http://verification-paypal-support.net/login,1,1,1
Lunch reservation details (Ref: 818),"Your request for business travel expenses has been reviewed and approved by management. Thanks, David.",1,0,0
Verify your banking details to avoid limitations,Someone accessed your profile from an unrecognized device in Russia. Verify your credentials below. Click here: http://verification-chase-support.net/login,2,1,1
Weekly Project Progress Update (Ref: 280),"Merged PR #405: updates user session cookies validation handlers. Thanks, John.",0,0,0
Microsoft Account: Verify security settings now,You have been selected to receive a promotional gift card. Claim your reward by logging in here. Click here: http://verification-paypal-support.net/login,3,1,1
Feedback on code design patterns (Ref: 414),"Merged PR #405: updates user session cookies validation handlers. Thanks, John.",1,0,0
Update Billing Information: Payment Restrict Alert,We could not process your monthly membership. Please update your payment card information at the link below. Click here: http://verification-amazon-support.net/login,1,1,1
Quarterly financial report summary (Ref: 897),"Attached are the slides for the client presentation. Please review them before the call. Thanks, David.",0,0,0
Microsoft Account: Verify security settings now,You have been selected to receive a promotional gift card. Claim your reward by logging in here. Click here: http://verification-paypal-support.net/login,1,1,1
Agenda for Tomorrow's Standup Meeting (Ref: 316),"Let's meet tomorrow at 10 AM to discuss task prioritization and sprint objectives. Thanks, Sarah.",0,0,0
PayPal Support: Unauthorized funds transfer request,We could not process your monthly membership. Please update your payment card information at the link below. Click here: http://verification-netflix-support.net/login,2,1,1
Approved: Expense report #3904 (Ref: 298),"Attached are the slides for the client presentation. Please review them before the call. Thanks, David.",1,0,0
Netflix: Your subscription has been suspended!,We detected security restrictions on your credit card. Update your banking profile details to restore access. Click here: http://verification-amazon-support.net/login,2,1,1
Client presentation slide deck (Ref: 503),"Attached are the slides for the client presentation. Please review them before the call. Thanks, Sarah.",0,0,0
Microsoft Account: Verify security settings now,You have been selected to receive a promotional gift card. Claim your reward by logging in here. Click here: http://verification-amazon-support.net/login,2,1,1
Lunch reservation details (Ref: 325),"Let's meet tomorrow at 10 AM to discuss task prioritization and sprint objectives. Thanks, David.",1,0,0
Netflix: Your subscription has been suspended!,We could not process your monthly membership. Please update your payment card information at the link below. Click here: http://verification-paypal-support.net/login,2,1,1
Approved: Expense report #3904 (Ref: 509),"We successfully deployed the latest security patches to the production clusters. Thanks, John.",0,0,0
Netflix: Your subscription has been suspended!,"A transaction of $500.00 is pending verification. If you did not authorize this, log in here to cancel it. Click here: http://verification-chase-support.net/login",2,1,1
Annual performance evaluation reminder (Ref: 619),"I booked a table for 5 at the corner grill for our team lunch tomorrow. Thanks, John.",1,0,0
Security Alert: Unauthorized login attempts detected,"A transaction of $500.00 is pending verification. If you did not authorize this, log in here to cancel it. Click here: http://verification-netflix-support.net/login",1,0,1
New repository pull request merged (Ref: 902),"Let's meet tomorrow at 10 AM to discuss task prioritization and sprint objectives. Thanks, Sarah.",0,0,0
Verify your banking details to avoid limitations,Your email security credentials expire in 24 hours. Log in here to synchronize your active password. Click here: http://verification-netflix-support.net/login,3,1,1
Release notes for version 2.4.1 (Ref: 976),"Attached is the PDF copy of our Q3 budget allocation analysis. Let me know if you have questions. Thanks, John.",0,0,0
Update Billing Information: Payment Restrict Alert,Your email security credentials expire in 24 hours. Log in here to synchronize your active password. Click here: http://verification-amazon-support.net/login,3,1,1
New repository pull request merged (Ref: 436),"The recent refactor of the database layer looks clean. Great job on the transaction alignments. Thanks, John.",0,0,0
Invoice Notification: Payment outstanding #83940,"A transaction of $500.00 is pending verification. If you did not authorize this, log in here to cancel it. Click here: http://verification-amazon-support.net/login",3,1,1
Annual performance evaluation reminder (Ref: 673),"We successfully deployed the latest security patches to the production clusters. Thanks, John.",1,0,0
Netflix: Your subscription has been suspended!,"A transaction of $500.00 is pending verification. If you did not authorize this, log in here to cancel it. Click here: http://verification-paypal-support.net/login",3,1,1
Weekly Project Progress Update (Ref: 470),"Your request for business travel expenses has been reviewed and approved by management. Thanks, Alice.",1,0,0
System Warning: Update password immediately!,"To protect your privacy, we require verification of your email account status. Click below to continue. Click here: http://verification-paypal-support.net/login",3,1,1
New repository pull request merged (Ref: 684),"I booked a table for 5 at the corner grill for our team lunch tomorrow. Thanks, John.",0,0,0
URGENT: Verify your account activity immediately!,"Your account is past due. To avoid immediate collection actions, pay your outstanding bill at this portal. Click here: http://verification-paypal-support.net/login",1,1,1
Annual performance evaluation reminder (Ref: 632),"Hi Team, please find attached the weekly spreadsheet covering our key performance indicators. Thanks, Alice.",0,0,0
Security Alert: Unauthorized login attempts detected,"Your account is past due. To avoid immediate collection actions, pay your outstanding bill at this portal. Click here: http://verification-paypal-support.net/login",1,0,1
Release notes for version 2.4.1 (Ref: 390),"This is a reminder to submit your self-assessment before the end-of-month review cycle. Thanks, John.",0,0,0
PayPal Support: Unauthorized funds transfer request,Your email security credentials expire in 24 hours. Log in here to synchronize your active password. Click here: http://verification-amazon-support.net/login,3,1,1
Client presentation slide deck (Ref: 360),"Let's meet tomorrow at 10 AM to discuss task prioritization and sprint objectives. Thanks, Alice.",0,0,0
Microsoft Account: Verify security settings now,"To protect your privacy, we require verification of your email account status. Click below to continue. Click here: http://verification-chase-support.net/login",1,1,1
Approved: Expense report #3904 (Ref: 723),"Attached are the slides for the client presentation. Please review them before the call. Thanks, John.",1,0,0
URGENT: Verify your account activity immediately!,We could not process your monthly membership. Please update your payment card information at the link below. Click here: http://verification-paypal-support.net/login,1,1,1
Client presentation slide deck (Ref: 606),"Attached is the PDF copy of our Q3 budget allocation analysis. Let me know if you have questions. Thanks, Alice.",1,0,0
Verify your banking details to avoid limitations,We could not process your monthly membership. Please update your payment card information at the link below. Click here: http://verification-amazon-support.net/login,3,1,1
Approved: Expense report #3904 (Ref: 539),"Attached are the slides for the client presentation. Please review them before the call. Thanks, Sarah.",1,0,0
System Warning: Update password immediately!,You have been selected to receive a promotional gift card. Claim your reward by logging in here. Click here: http://verification-amazon-support.net/login,3,1,1
New repository pull request merged (Ref: 168),"This is a reminder to submit your self-assessment before the end-of-month review cycle. Thanks, Sarah.",1,0,0
Update Billing Information: Payment Restrict Alert,"Your account is past due. To avoid immediate collection actions, pay your outstanding bill at this portal. Click here: http://verification-paypal-support.net/login",2,1,1
Lunch reservation details (Ref: 971),"We successfully deployed the latest security patches to the production clusters. Thanks, Sarah.",0,0,0
Netflix: Your subscription has been suspended!,Your recent invoice payment was declined. Update your billing credentials now to prevent account suspension. Click here: http://verification-chase-support.net/login,3,1,1
Annual performance evaluation reminder (Ref: 653),"Your request for business travel expenses has been reviewed and approved by management. Thanks, John.",0,0,0
System Warning: Update password immediately!,"Your account is past due. To avoid immediate collection actions, pay your outstanding bill at this portal. Click here: http://verification-paypal-support.net/login",3,1,1
Agenda for Tomorrow's Standup Meeting (Ref: 773),"The recent refactor of the database layer looks clean. Great job on the transaction alignments. Thanks, David.",1,0,0
System Warning: Update password immediately!,Your recent invoice payment was declined. Update your billing credentials now to prevent account suspension. Click here: http://verification-paypal-support.net/login,3,1,1
Feedback on code design patterns (Ref: 352),"We successfully deployed the latest security patches to the production clusters. Thanks, John.",1,0,0
Microsoft Account: Verify security settings now,You have been selected to receive a promotional gift card. Claim your reward by logging in here. Click here: http://verification-chase-support.net/login,3,1,1
Feedback on code design patterns (Ref: 787),"I booked a table for 5 at the corner grill for our team lunch tomorrow. Thanks, Sarah.",1,0,0
Invoice Notification: Payment outstanding #83940,We could not process your monthly membership. Please update your payment card information at the link below. Click here: http://verification-chase-support.net/login,2,1,1
Client presentation slide deck (Ref: 622),"This is a reminder to submit your self-assessment before the end-of-month review cycle. Thanks, John.",0,0,0
"Congratulations! You won a $1,000 reward voucher",You have been selected to receive a promotional gift card. Claim your reward by logging in here. Click here: http://verification-amazon-support.net/login,3,0,1
Annual performance evaluation reminder (Ref: 279),"Attached is the PDF copy of our Q3 budget allocation analysis. Let me know if you have questions. Thanks, Alice.",1,0,0
Microsoft Account: Verify security settings now,We detected unusual login attempts on your account. Please click the link to verify your identity immediately. Click here: http://verification-amazon-support.net/login,2,1,1
Annual performance evaluation reminder (Ref: 588),"The recent refactor of the database layer looks clean. Great job on the transaction alignments. Thanks, John.",1,0,0
Verify your banking details to avoid limitations,"To protect your privacy, we require verification of your email account status. Click below to continue. Click here: http://verification-netflix-support.net/login",3,1,1
Agenda for Tomorrow's Standup Meeting (Ref: 209),"Hi Team, please find attached the weekly spreadsheet covering our key performance indicators. Thanks, Sarah.",1,0,0
System Warning: Update password immediately!,We detected security restrictions on your credit card. Update your banking profile details to restore access. Click here: http://verification-chase-support.net/login,3,1,1
Weekly Project Progress Update (Ref: 572),"We successfully deployed the latest security patches to the production clusters. Thanks, Sarah.",0,0,0
Invoice Notification: Payment outstanding #83940,"To protect your privacy, we require verification of your email account status. Click below to continue. Click here: http://verification-paypal-support.net/login",3,1,1
Approved: Expense report #3904 (Ref: 493),"Let's meet tomorrow at 10 AM to discuss task prioritization and sprint objectives. Thanks, Alice.",1,0,0
"Congratulations! You won a $1,000 reward voucher","A transaction of $500.00 is pending verification. If you did not authorize this, log in here to cancel it. Click here: http://verification-paypal-support.net/login",2,0,1
Feedback on code design patterns (Ref: 830),"Your request for business travel expenses has been reviewed and approved by management. Thanks, David.",0,0,0
Security Alert: Unauthorized login attempts detected,"To protect your privacy, we require verification of your email account status. Click below to continue. Click here: http://verification-amazon-support.net/login",2,0,1
Client presentation slide deck (Ref: 550),"I booked a table for 5 at the corner grill for our team lunch tomorrow. Thanks, John.",1,0,0
PayPal Support: Unauthorized funds transfer request,We detected security restrictions on your credit card. Update your banking profile details to restore access. Click here: http://verification-chase-support.net/login,1,1,1
New repository pull request merged (Ref: 871),"We successfully deployed the latest security patches to the production clusters. Thanks, Sarah.",0,0,0
Security Alert: Unauthorized login attempts detected,Someone accessed your profile from an unrecognized device in Russia. Verify your credentials below. Click here: http://verification-paypal-support.net/login,2,1,1
Approved: Expense report #3904 (Ref: 462),"The recent refactor of the database layer looks clean. Great job on the transaction alignments. Thanks, Sarah.",0,0,0
Verify your banking details to avoid limitations,Your email security credentials expire in 24 hours. Log in here to synchronize your active password. Click here: http://verification-amazon-support.net/login,2,1,1
Approved: Expense report #3904 (Ref: 867),"I booked a table for 5 at the corner grill for our team lunch tomorrow. Thanks, David.",0,0,0
Invoice Notification: Payment outstanding #83940,"To protect your privacy, we require verification of your email account status. Click below to continue. Click here: http://verification-chase-support.net/login",3,1,1
Approved: Expense report #3904 (Ref: 825),"Let's meet tomorrow at 10 AM to discuss task prioritization and sprint objectives. Thanks, Sarah.",1,0,0
System Warning: Update password immediately!,Someone accessed your profile from an unrecognized device in Russia. Verify your credentials below. Click here: http://verification-chase-support.net/login,3,1,1
Client presentation slide deck (Ref: 758),"Attached is the PDF copy of our Q3 budget allocation analysis. Let me know if you have questions. Thanks, David.",0,0,0
URGENT: Verify your account activity immediately!,Your recent invoice payment was declined. Update your billing credentials now to prevent account suspension. Click here: http://verification-paypal-support.net/login,1,1,1
Agenda for Tomorrow's Standup Meeting (Ref: 301),"Merged PR #405: updates user session cookies validation handlers. Thanks, Alice.",1,0,0
Microsoft Account: Verify security settings now,We could not process your monthly membership. Please update your payment card information at the link below. Click here: http://verification-paypal-support.net/login,1,1,1
Feedback on code design patterns (Ref: 672),"The recent refactor of the database layer looks clean. Great job on the transaction alignments. Thanks, David.",0,0,0
Netflix: Your subscription has been suspended!,We detected security restrictions on your credit card. Update your banking profile details to restore access. Click here: http://verification-amazon-support.net/login,1,1,1
Quarterly financial report summary (Ref: 586),"The recent refactor of the database layer looks clean. Great job on the transaction alignments. Thanks, Alice.",0,0,0
Verify your banking details to avoid limitations,We could not process your monthly membership. Please update your payment card information at the link below. Click here: http://verification-amazon-support.net/login,1,1,1
Approved: Expense report #3904 (Ref: 486),"Let's meet tomorrow at 10 AM to discuss task prioritization and sprint objectives. Thanks, Sarah.",1,0,0
Verify your banking details to avoid limitations,"Your account is past due. To avoid immediate collection actions, pay your outstanding bill at this portal. Click here: http://verification-paypal-support.net/login",3,1,1
Weekly Project Progress Update (Ref: 513),"Attached are the slides for the client presentation. Please review them before the call. Thanks, John.",0,0,0
URGENT: Verify your account activity immediately!,"Your account is past due. To avoid immediate collection actions, pay your outstanding bill at this portal. Click here: http://verification-amazon-support.net/login",3,1,1
New repository pull request merged (Ref: 982),"Hi Team, please find attached the weekly spreadsheet covering our key performance indicators. Thanks, David.",1,0,0
Invoice Notification: Payment outstanding #83940,Your recent invoice payment was declined. Update your billing credentials now to prevent account suspension. Click here: http://verification-chase-support.net/login,1,1,1
Annual performance evaluation reminder (Ref: 984),"Attached are the slides for the client presentation. Please review them before the call. Thanks, David.",1,0,0
Invoice Notification: Payment outstanding #83940,"A transaction of $500.00 is pending verification. If you did not authorize this, log in here to cancel it. Click here: http://verification-paypal-support.net/login",1,1,1
Weekly Project Progress Update (Ref: 524),"We successfully deployed the latest security patches to the production clusters. Thanks, Sarah.",1,0,0
Verify your banking details to avoid limitations,Someone accessed your profile from an unrecognized device in Russia. Verify your credentials below. Click here: http://verification-netflix-support.net/login,2,1,1
Agenda for Tomorrow's Standup Meeting (Ref: 784),"Your request for business travel expenses has been reviewed and approved by management. Thanks, Sarah.",0,0,0
Microsoft Account: Verify security settings now,"A transaction of $500.00 is pending verification. If you did not authorize this, log in here to cancel it. Click here: http://verification-paypal-support.net/login",1,1,1
New repository pull request merged (Ref: 978),"The recent refactor of the database layer looks clean. Great job on the transaction alignments. Thanks, John.",1,0,0
URGENT: Verify your account activity immediately!,"A transaction of $500.00 is pending verification. If you did not authorize this, log in here to cancel it. Click here: http://verification-paypal-support.net/login",1,1,1
Approved: Expense report #3904 (Ref: 595),"Attached is the PDF copy of our Q3 budget allocation analysis. Let me know if you have questions. Thanks, John.",0,0,0
Security Alert: Unauthorized login attempts detected,We detected security restrictions on your credit card. Update your banking profile details to restore access. Click here: http://verification-chase-support.net/login,2,1,1
Weekly Project Progress Update (Ref: 961),"Attached is the PDF copy of our Q3 budget allocation analysis. Let me know if you have questions. Thanks, Alice.",0,0,0
PayPal Support: Unauthorized funds transfer request,"A transaction of $500.00 is pending verification. If you did not authorize this, log in here to cancel it. Click here: http://verification-chase-support.net/login",3,0,1
Release notes for version 2.4.1 (Ref: 466),"This is a reminder to submit your self-assessment before the end-of-month review cycle. Thanks, Sarah.",0,0,0
Netflix: Your subscription has been suspended!,Someone accessed your profile from an unrecognized device in Russia. Verify your credentials below. Click here: http://verification-chase-support.net/login,2,1,1
Feedback on code design patterns (Ref: 124),"Let's meet tomorrow at 10 AM to discuss task prioritization and sprint objectives. Thanks, David.",1,0,0
Update Billing Information: Payment Restrict Alert,You have been selected to receive a promotional gift card. Claim your reward by logging in here. Click here: http://verification-netflix-support.net/login,1,1,1
Weekly Project Progress Update (Ref: 965),"Your request for business travel expenses has been reviewed and approved by management. Thanks, Alice.",1,0,0
System Warning: Update password immediately!,You have been selected to receive a promotional gift card. Claim your reward by logging in here. Click here: http://verification-chase-support.net/login,3,1,1
Client presentation slide deck (Ref: 226),"Attached is the PDF copy of our Q3 budget allocation analysis. Let me know if you have questions. Thanks, David.",0,0,0
Invoice Notification: Payment outstanding #83940,"To protect your privacy, we require verification of your email account status. Click below to continue. Click here: http://verification-amazon-support.net/login",2,1,1
Agenda for Tomorrow's Standup Meeting (Ref: 690),"Merged PR #405: updates user session cookies validation handlers. Thanks, Alice.",1,0,0
Verify your banking details to avoid limitations,We detected unusual login attempts on your account. Please click the link to verify your identity immediately. Click here: http://verification-netflix-support.net/login,3,1,1
Feedback on code design patterns (Ref: 775),"We successfully deployed the latest security patches to the production clusters. Thanks, John.",0,0,0
Netflix: Your subscription has been suspended!,Your email security credentials expire in 24 hours. Log in here to synchronize your active password. Click here: http://verification-amazon-support.net/login,1,1,1
New repository pull request merged (Ref: 488),"Attached is the PDF copy of our Q3 budget allocation analysis. Let me know if you have questions. Thanks, Alice.",0,0,0
Invoice Notification: Payment outstanding #83940,Someone accessed your profile from an unrecognized device in Russia. Verify your credentials below. Click here: http://verification-chase-support.net/login,2,1,1
New repository pull request merged (Ref: 523),"This is a reminder to submit your self-assessment before the end-of-month review cycle. Thanks, Sarah.",1,0,0
Security Alert: Unauthorized login attempts detected,"To protect your privacy, we require verification of your email account status. Click below to continue. Click here: http://verification-netflix-support.net/login",3,0,1
Approved: Expense report #3904 (Ref: 540),"I booked a table for 5 at the corner grill for our team lunch tomorrow. Thanks, John.",1,0,0
Invoice Notification: Payment outstanding #83940,"To protect your privacy, we require verification of your email account status. Click below to continue. Click here: http://verification-amazon-support.net/login",2,1,1
Quarterly financial report summary (Ref: 963),"The recent refactor of the database layer looks clean. Great job on the transaction alignments. Thanks, Sarah.",1,0,0
Invoice Notification: Payment outstanding #83940,"A transaction of $500.00 is pending verification. If you did not authorize this, log in here to cancel it. Click here: http://verification-amazon-support.net/login",2,1,1
Agenda for Tomorrow's Standup Meeting (Ref: 710),"We successfully deployed the latest security patches to the production clusters. Thanks, David.",1,0,0
Security Alert: Unauthorized login attempts detected,We detected security restrictions on your credit card. Update your banking profile details to restore access. Click here: http://verification-netflix-support.net/login,2,1,1
New repository pull request merged (Ref: 233),"Attached are the slides for the client presentation. Please review them before the call. Thanks, Sarah.",0,0,0
Microsoft Account: Verify security settings now,Your recent invoice payment was declined. Update your billing credentials now to prevent account suspension. Click here: http://verification-chase-support.net/login,3,1,1
Release notes for version 2.4.1 (Ref: 991),"Attached is the PDF copy of our Q3 budget allocation analysis. Let me know if you have questions. Thanks, Sarah.",1,0,0
Microsoft Account: Verify security settings now,"Your account is past due. To avoid immediate collection actions, pay your outstanding bill at this portal. Click here: http://verification-amazon-support.net/login",2,1,1
Annual performance evaluation reminder (Ref: 246),"I booked a table for 5 at the corner grill for our team lunch tomorrow. Thanks, John.",1,0,0
System Warning: Update password immediately!,We detected unusual login attempts on your account. Please click the link to verify your identity immediately. Click here: http://verification-paypal-support.net/login,1,1,1
Lunch reservation details (Ref: 370),"Merged PR #405: updates user session cookies validation handlers. Thanks, Sarah.",0,0,0
"Congratulations! You won a $1,000 reward voucher","Your account is past due. To avoid immediate collection actions, pay your outstanding bill at this portal. Click here: http://verification-paypal-support.net/login",2,0,1
New repository pull request merged (Ref: 144),"Let's meet tomorrow at 10 AM to discuss task prioritization and sprint objectives. Thanks, John.",1,0,0
Netflix: Your subscription has been suspended!,We detected unusual login attempts on your account. Please click the link to verify your identity immediately. Click here: http://verification-amazon-support.net/login,2,1,1
Lunch reservation details (Ref: 544),"I booked a table for 5 at the corner grill for our team lunch tomorrow. Thanks, John.",0,0,0
Update Billing Information: Payment Restrict Alert,We detected security restrictions on your credit card. Update your banking profile details to restore access. Click here: http://verification-amazon-support.net/login,3,1,1
Client presentation slide deck (Ref: 206),"Merged PR #405: updates user session cookies validation handlers. Thanks, Sarah.",0,0,0
Update Billing Information: Payment Restrict Alert,Someone accessed your profile from an unrecognized device in Russia. Verify your credentials below. Click here: http://verification-netflix-support.net/login,1,1,1
Weekly Project Progress Update (Ref: 222),"Attached are the slides for the client presentation. Please review them before the call. Thanks, Alice.",1,0,0
Microsoft Account: Verify security settings now,"To protect your privacy, we require verification of your email account status. Click below to continue. Click here: http://verification-chase-support.net/login",2,1,1
Agenda for Tomorrow's Standup Meeting (Ref: 452),"The recent refactor of the database layer looks clean. Great job on the transaction alignments. Thanks, Sarah.",0,0,0
Security Alert: Unauthorized login attempts detected,We detected unusual login attempts on your account. Please click the link to verify your identity immediately. Click here: http://verification-chase-support.net/login,3,1,1
New repository pull request merged (Ref: 465),"We successfully deployed the latest security patches to the production clusters. Thanks, Sarah.",0,0,0
"Congratulations! You won a $1,000 reward voucher","Your account is past due. To avoid immediate collection actions, pay your outstanding bill at this portal. Click here: http://verification-amazon-support.net/login",1,0,1
Approved: Expense report #3904 (Ref: 782),"Merged PR #405: updates user session cookies validation handlers. Thanks, David.",1,0,0
Verify your banking details to avoid limitations,We detected security restrictions on your credit card. Update your banking profile details to restore access. Click here: http://verification-netflix-support.net/login,2,1,1
Quarterly financial report summary (Ref: 103),"Merged PR #405: updates user session cookies validation handlers. Thanks, David.",1,0,0
Verify your banking details to avoid limitations,We could not process your monthly membership. Please update your payment card information at the link below. Click here: http://verification-chase-support.net/login,2,1,1
New repository pull request merged (Ref: 113),"The recent refactor of the database layer looks clean. Great job on the transaction alignments. Thanks, David.",1,0,0
"Congratulations! You won a $1,000 reward voucher","To protect your privacy, we require verification of your email account status. Click below to continue. Click here: http://verification-amazon-support.net/login",3,0,1
Lunch reservation details (Ref: 676),"Hi Team, please find attached the weekly spreadsheet covering our key performance indicators. Thanks, John.",1,0,0
System Warning: Update password immediately!,We detected security restrictions on your credit card. Update your banking profile details to restore access. Click here: http://verification-netflix-support.net/login,3,1,1
Annual performance evaluation reminder (Ref: 887),"Let's meet tomorrow at 10 AM to discuss task prioritization and sprint objectives. Thanks, Sarah.",1,0,0
PayPal Support: Unauthorized funds transfer request,We detected unusual login attempts on your account. Please click the link to verify your identity immediately. Click here: http://verification-chase-support.net/login,2,1,1
Agenda for Tomorrow's Standup Meeting (Ref: 588),"We successfully deployed the latest security patches to the production clusters. Thanks, Alice.",1,0,0
Netflix: Your subscription has been suspended!,"To protect your privacy, we require verification of your email account status. Click below to continue. Click here: http://verification-netflix-support.net/login",3,1,1
Client presentation slide deck (Ref: 708),"The recent refactor of the database layer looks clean. Great job on the transaction alignments. Thanks, Alice.",0,0,0
Verify your banking details to avoid limitations,We detected unusual login attempts on your account. Please click the link to verify your identity immediately. Click here: http://verification-paypal-support.net/login,1,1,1
New repository pull request merged (Ref: 904),"Your request for business travel expenses has been reviewed and approved by management. Thanks, Sarah.",0,0,0
Microsoft Account: Verify security settings now,We detected unusual login attempts on your account. Please click the link to verify your identity immediately. Click here: http://verification-amazon-support.net/login,3,1,1
Feedback on code design patterns (Ref: 708),"Attached are the slides for the client presentation. Please review them before the call. Thanks, John.",0,0,0
System Warning: Update password immediately!,"A transaction of $500.00 is pending verification. If you did not authorize this, log in here to cancel it. Click here: http://verification-amazon-support.net/login",3,1,1
Approved: Expense report #3904 (Ref: 350),"Let's meet tomorrow at 10 AM to discuss task prioritization and sprint objectives. Thanks, David.",1,0,0
PayPal Support: Unauthorized funds transfer request,You have been selected to receive a promotional gift card. Claim your reward by logging in here. Click here: http://verification-netflix-support.net/login,1,0,1
Lunch reservation details (Ref: 630),"Attached are the slides for the client presentation. Please review them before the call. Thanks, David.",0,0,0
System Warning: Update password immediately!,Your email security credentials expire in 24 hours. Log in here to synchronize your active password. Click here: http://verification-chase-support.net/login,1,1,1
Feedback on code design patterns (Ref: 389),"I booked a table for 5 at the corner grill for our team lunch tomorrow. Thanks, David.",0,0,0
Security Alert: Unauthorized login attempts detected,We detected unusual login attempts on your account. Please click the link to verify your identity immediately. Click here: http://verification-paypal-support.net/login,1,1,1
Weekly Project Progress Update (Ref: 435),"Your request for business travel expenses has been reviewed and approved by management. Thanks, Sarah.",1,0,0
Netflix: Your subscription has been suspended!,You have been selected to receive a promotional gift card. Claim your reward by logging in here. Click here: http://verification-paypal-support.net/login,2,1,1
Lunch reservation details (Ref: 754),"Attached is the PDF copy of our Q3 budget allocation analysis. Let me know if you have questions. Thanks, John.",0,0,0
Update Billing Information: Payment Restrict Alert,You have been selected to receive a promotional gift card. Claim your reward by logging in here. Click here: http://verification-amazon-support.net/login,1,1,1
Quarterly financial report summary (Ref: 986),"This is a reminder to submit your self-assessment before the end-of-month review cycle. Thanks, John.",1,0,0
Netflix: Your subscription has been suspended!,"A transaction of $500.00 is pending verification. If you did not authorize this, log in here to cancel it. Click here: http://verification-paypal-support.net/login",2,1,1
Agenda for Tomorrow's Standup Meeting (Ref: 708),"Hi Team, please find attached the weekly spreadsheet covering our key performance indicators. Thanks, Alice.",1,0,0
URGENT: Verify your account activity immediately!,"A transaction of $500.00 is pending verification. If you did not authorize this, log in here to cancel it. Click here: http://verification-netflix-support.net/login",1,1,1
Client presentation slide deck (Ref: 616),"I booked a table for 5 at the corner grill for our team lunch tomorrow. Thanks, David.",1,0,0
"Congratulations! You won a $1,000 reward voucher",Your email security credentials expire in 24 hours. Log in here to synchronize your active password. Click here: http://verification-amazon-support.net/login,3,1,1
Release notes for version 2.4.1 (Ref: 948),"Let's meet tomorrow at 10 AM to discuss task prioritization and sprint objectives. Thanks, John.",0,0,0
Security Alert: Unauthorized login attempts detected,We detected unusual login attempts on your account. Please click the link to verify your identity immediately. Click here: http://verification-paypal-support.net/login,1,1,1
Agenda for Tomorrow's Standup Meeting (Ref: 112),"Your request for business travel expenses has been reviewed and approved by management. Thanks, Sarah.",1,0,0
System Warning: Update password immediately!,You have been selected to receive a promotional gift card. Claim your reward by logging in here. Click here: http://verification-paypal-support.net/login,2,1,1
Agenda for Tomorrow's Standup Meeting (Ref: 379),"This is a reminder to submit your self-assessment before the end-of-month review cycle. Thanks, John.",1,0,0
Security Alert: Unauthorized login attempts detected,Your recent invoice payment was declined. Update your billing credentials now to prevent account suspension. Click here: http://verification-netflix-support.net/login,3,1,1
Weekly Project Progress Update (Ref: 572),"This is a reminder to submit your self-assessment before the end-of-month review cycle. Thanks, David.",0,0,0
URGENT: Verify your account activity immediately!,"Your account is past due. To avoid immediate collection actions, pay your outstanding bill at this portal. Click here: http://verification-chase-support.net/login",3,1,1
Lunch reservation details (Ref: 598),"I booked a table for 5 at the corner grill for our team lunch tomorrow. Thanks, Alice.",1,0,0
Netflix: Your subscription has been suspended!,We detected security restrictions on your credit card. Update your banking profile details to restore access. Click here: http://verification-paypal-support.net/login,1,1,1
Annual performance evaluation reminder (Ref: 774),"Your request for business travel expenses has been reviewed and approved by management. Thanks, David.",0,0,0
Security Alert: Unauthorized login attempts detected,Your email security credentials expire in 24 hours. Log in here to synchronize your active password. Click here: http://verification-amazon-support.net/login,3,1,1
Feedback on code design patterns (Ref: 890),"Let's meet tomorrow at 10 AM to discuss task prioritization and sprint objectives. Thanks, Alice.",0,0,0
Netflix: Your subscription has been suspended!,Your recent invoice payment was declined. Update your billing credentials now to prevent account suspension. Click here: http://verification-paypal-support.net/login,3,1,1
Weekly Project Progress Update (Ref: 430),"Your request for business travel expenses has been reviewed and approved by management. Thanks, John.",1,0,0
PayPal Support: Unauthorized funds transfer request,"Your account is past due. To avoid immediate collection actions, pay your outstanding bill at this portal. Click here: http://verification-netflix-support.net/login",3,0,1
Agenda for Tomorrow's Standup Meeting (Ref: 108),"Attached is the PDF copy of our Q3 budget allocation analysis. Let me know if you have questions. Thanks, John.",0,0,0
Security Alert: Unauthorized login attempts detected,"Your account is past due. To avoid immediate collection actions, pay your outstanding bill at this portal. Click here: http://verification-paypal-support.net/login",1,0,1
Approved: Expense report #3904 (Ref: 993),"Let's meet tomorrow at 10 AM to discuss task prioritization and sprint objectives. Thanks, David.",1,0,0
Verify your banking details to avoid limitations,We detected unusual login attempts on your account. Please click the link to verify your identity immediately. Click here: http://verification-paypal-support.net/login,3,1,1
Approved: Expense report #3904 (Ref: 288),"Let's meet tomorrow at 10 AM to discuss task prioritization and sprint objectives. Thanks, Sarah.",1,0,0
URGENT: Verify your account activity immediately!,"A transaction of $500.00 is pending verification. If you did not authorize this, log in here to cancel it. Click here: http://verification-netflix-support.net/login",3,1,1
Weekly Project Progress Update (Ref: 865),"Hi Team, please find attached the weekly spreadsheet covering our key performance indicators. Thanks, John.",1,0,0
Update Billing Information: Payment Restrict Alert,Your email security credentials expire in 24 hours. Log in here to synchronize your active password. Click here: http://verification-paypal-support.net/login,3,1,1
Release notes for version 2.4.1 (Ref: 744),"Your request for business travel expenses has been reviewed and approved by management. Thanks, Sarah.",0,0,0
Verify your banking details to avoid limitations,"Your account is past due. To avoid immediate collection actions, pay your outstanding bill at this portal. Click here: http://verification-paypal-support.net/login",2,1,1
Agenda for Tomorrow's Standup Meeting (Ref: 372),"I booked a table for 5 at the corner grill for our team lunch tomorrow. Thanks, John.",0,0,0
Netflix: Your subscription has been suspended!,Your email security credentials expire in 24 hours. Log in here to synchronize your active password. Click here: http://verification-chase-support.net/login,1,1,1
Quarterly financial report summary (Ref: 117),"Merged PR #405: updates user session cookies validation handlers. Thanks, Sarah.",0,0,0
URGENT: Verify your account activity immediately!,"Your account is past due. To avoid immediate collection actions, pay your outstanding bill at this portal. Click here: http://verification-amazon-support.net/login",1,1,1
Client presentation slide deck (Ref: 461),"Merged PR #405: updates user session cookies validation handlers. Thanks, John.",0,0,0
"Congratulations! You won a $1,000 reward voucher",Your recent invoice payment was declined. Update your billing credentials now to prevent account suspension. Click here: http://verification-netflix-support.net/login,1,1,1
Feedback on code design patterns (Ref: 228),"Attached are the slides for the client presentation. Please review them before the call. Thanks, Alice.",0,0,0
Security Alert: Unauthorized login attempts detected,Someone accessed your profile from an unrecognized device in Russia. Verify your credentials below. Click here: http://verification-netflix-support.net/login,3,1,1
Lunch reservation details (Ref: 831),"Attached is the PDF copy of our Q3 budget allocation analysis. Let me know if you have questions. Thanks, John.",0,0,0
Invoice Notification: Payment outstanding #83940,"To protect your privacy, we require verification of your email account status. Click below to continue. Click here: http://verification-chase-support.net/login",3,1,1
Annual performance evaluation reminder (Ref: 616),"We successfully deployed the latest security patches to the production clusters. Thanks, Sarah.",1,0,0
Verify your banking details to avoid limitations,"Your account is past due. To avoid immediate collection actions, pay your outstanding bill at this portal. Click here: http://verification-paypal-support.net/login",2,1,1
Release notes for version 2.4.1 (Ref: 237),"This is a reminder to submit your self-assessment before the end-of-month review cycle. Thanks, John.",1,0,0
Invoice Notification: Payment outstanding #83940,"To protect your privacy, we require verification of your email account status. Click below to continue. Click here: http://verification-paypal-support.net/login",2,1,1
Feedback on code design patterns (Ref: 298),"The recent refactor of the database layer looks clean. Great job on the transaction alignments. Thanks, John.",0,0,0
PayPal Support: Unauthorized funds transfer request,We detected security restrictions on your credit card. Update your banking profile details to restore access. Click here: http://verification-amazon-support.net/login,1,1,1
Quarterly financial report summary (Ref: 355),"Your request for business travel expenses has been reviewed and approved by management. Thanks, Alice.",1,0,0
"Congratulations! You won a $1,000 reward voucher",Your recent invoice payment was declined. Update your billing credentials now to prevent account suspension. Click here: http://verification-chase-support.net/login,3,1,1
Approved: Expense report #3904 (Ref: 212),"Attached are the slides for the client presentation. Please review them before the call. Thanks, David.",1,0,0
Verify your banking details to avoid limitations,"Your account is past due. To avoid immediate collection actions, pay your outstanding bill at this portal. Click here: http://verification-netflix-support.net/login",2,1,1
Agenda for Tomorrow's Standup Meeting (Ref: 494),"Attached are the slides for the client presentation. Please review them before the call. Thanks, John.",1,0,0
System Warning: Update password immediately!,We detected security restrictions on your credit card. Update your banking profile details to restore access. Click here: http://verification-chase-support.net/login,3,1,1
Release notes for version 2.4.1 (Ref: 350),"The recent refactor of the database layer looks clean. Great job on the transaction alignments. Thanks, Sarah.",1,0,0
"Congratulations! You won a $1,000 reward voucher",We detected unusual login attempts on your account. Please click the link to verify your identity immediately. Click here: http://verification-chase-support.net/login,3,1,1
Annual performance evaluation reminder (Ref: 835),"This is a reminder to submit your self-assessment before the end-of-month review cycle. Thanks, Alice.",1,0,0
Invoice Notification: Payment outstanding #83940,We detected security restrictions on your credit card. Update your banking profile details to restore access. Click here: http://verification-paypal-support.net/login,3,1,1
Approved: Expense report #3904 (Ref: 659),"Hi Team, please find attached the weekly spreadsheet covering our key performance indicators. Thanks, Alice.",0,0,0
Netflix: Your subscription has been suspended!,"To protect your privacy, we require verification of your email account status. Click below to continue. Click here: http://verification-paypal-support.net/login",1,1,1
Feedback on code design patterns (Ref: 156),"Hi Team, please find attached the weekly spreadsheet covering our key performance indicators. Thanks, David.",1,0,0
PayPal Support: Unauthorized funds transfer request,We detected unusual login attempts on your account. Please click the link to verify your identity immediately. Click here: http://verification-chase-support.net/login,3,1,1
Lunch reservation details (Ref: 119),"Attached is the PDF copy of our Q3 budget allocation analysis. Let me know if you have questions. Thanks, Alice.",1,0,0
Security Alert: Unauthorized login attempts detected,We detected unusual login attempts on your account. Please click the link to verify your identity immediately. Click here: http://verification-amazon-support.net/login,3,1,1
Client presentation slide deck (Ref: 900),"I booked a table for 5 at the corner grill for our team lunch tomorrow. Thanks, David.",1,0,0
Security Alert: Unauthorized login attempts detected,We detected security restrictions on your credit card. Update your banking profile details to restore access. Click here: http://verification-chase-support.net/login,1,1,1
Lunch reservation details (Ref: 384),"Your request for business travel expenses has been reviewed and approved by management. Thanks, David.",1,0,0
Netflix: Your subscription has been suspended!,You have been selected to receive a promotional gift card. Claim your reward by logging in here. Click here: http://verification-netflix-support.net/login,1,1,1
Feedback on code design patterns (Ref: 320),"We successfully deployed the latest security patches to the production clusters. Thanks, Alice.",0,0,0
PayPal Support: Unauthorized funds transfer request,We detected security restrictions on your credit card. Update your banking profile details to restore access. Click here: http://verification-chase-support.net/login,2,1,1
Quarterly financial report summary (Ref: 559),"Let's meet tomorrow at 10 AM to discuss task prioritization and sprint objectives. Thanks, David.",0,0,0
"Congratulations! You won a $1,000 reward voucher",You have been selected to receive a promotional gift card. Claim your reward by logging in here. Click here: http://verification-paypal-support.net/login,3,0,1
New repository pull request merged (Ref: 789),"Attached are the slides for the client presentation. Please review them before the call. Thanks, Alice.",1,0,0
System Warning: Update password immediately!,We detected unusual login attempts on your account. Please click the link to verify your identity immediately. Click here: http://verification-netflix-support.net/login,1,1,1
New repository pull request merged (Ref: 379),"Hi Team, please find attached the weekly spreadsheet covering our key performance indicators. Thanks, David.",0,0,0
"Congratulations! You won a $1,000 reward voucher","A transaction of $500.00 is pending verification. If you did not authorize this, log in here to cancel it. Click here: http://verification-netflix-support.net/login",2,0,1
New repository pull request merged (Ref: 362),"I booked a table for 5 at the corner grill for our team lunch tomorrow. Thanks, John.",0,0,0
"Congratulations! You won a $1,000 reward voucher",Your recent invoice payment was declined. Update your billing credentials now to prevent account suspension. Click here: http://verification-netflix-support.net/login,3,1,1
Annual performance evaluation reminder (Ref: 754),"Attached are the slides for the client presentation. Please review them before the call. Thanks, Sarah.",0,0,0
Verify your banking details to avoid limitations,"A transaction of $500.00 is pending verification. If you did not authorize this, log in here to cancel it. Click here: http://verification-amazon-support.net/login",2,1,1
Annual performance evaluation reminder (Ref: 392),"Attached are the slides for the client presentation. Please review them before the call. Thanks, Sarah.",1,0,0
Microsoft Account: Verify security settings now,We detected unusual login attempts on your account. Please click the link to verify your identity immediately. Click here: http://verification-paypal-support.net/login,1,1,1
Approved: Expense report #3904 (Ref: 938),"This is a reminder to submit your self-assessment before the end-of-month review cycle. Thanks, David.",1,0,0
Verify your banking details to avoid limitations,We detected unusual login attempts on your account. Please click the link to verify your identity immediately. Click here: http://verification-netflix-support.net/login,3,1,1
Approved: Expense report #3904 (Ref: 314),"I booked a table for 5 at the corner grill for our team lunch tomorrow. Thanks, David.",0,0,0
"Congratulations! You won a $1,000 reward voucher","A transaction of $500.00 is pending verification. If you did not authorize this, log in here to cancel it. Click here: http://verification-paypal-support.net/login",2,0,1
Agenda for Tomorrow's Standup Meeting (Ref: 882),"Merged PR #405: updates user session cookies validation handlers. Thanks, Sarah.",1,0,0
Invoice Notification: Payment outstanding #83940,We detected security restrictions on your credit card. Update your banking profile details to restore access. Click here: http://verification-chase-support.net/login,1,1,1
Agenda for Tomorrow's Standup Meeting (Ref: 677),"Attached is the PDF copy of our Q3 budget allocation analysis. Let me know if you have questions. Thanks, David.",0,0,0
Verify your banking details to avoid limitations,"A transaction of $500.00 is pending verification. If you did not authorize this, log in here to cancel it. Click here: http://verification-netflix-support.net/login",2,1,1
Annual performance evaluation reminder (Ref: 280),"Your request for business travel expenses has been reviewed and approved by management. Thanks, Alice.",0,0,0
Verify your banking details to avoid limitations,Someone accessed your profile from an unrecognized device in Russia. Verify your credentials below. Click here: http://verification-chase-support.net/login,2,1,1
Lunch reservation details (Ref: 137),"This is a reminder to submit your self-assessment before the end-of-month review cycle. Thanks, John.",0,0,0
Microsoft Account: Verify security settings now,"Your account is past due. To avoid immediate collection actions, pay your outstanding bill at this portal. Click here: http://verification-netflix-support.net/login",2,1,1
New repository pull request merged (Ref: 674),"Merged PR #405: updates user session cookies validation handlers. Thanks, Alice.",0,0,0
Invoice Notification: Payment outstanding #83940,We detected unusual login attempts on your account. Please click the link to verify your identity immediately. Click here: http://verification-paypal-support.net/login,2,1,1
Release notes for version 2.4.1 (Ref: 933),"Your request for business travel expenses has been reviewed and approved by management. Thanks, Sarah.",0,0,0
Netflix: Your subscription has been suspended!,"Your account is past due. To avoid immediate collection actions, pay your outstanding bill at this portal. Click here: http://verification-paypal-support.net/login",3,1,1
Feedback on code design patterns (Ref: 379),"Attached is the PDF copy of our Q3 budget allocation analysis. Let me know if you have questions. Thanks, John.",0,0,0
"Congratulations! You won a $1,000 reward voucher","A transaction of $500.00 is pending verification. If you did not authorize this, log in here to cancel it. Click here: http://verification-chase-support.net/login",2,0,1
Approved: Expense report #3904 (Ref: 286),"Your request for business travel expenses has been reviewed and approved by management. Thanks, Alice.",1,0,0
Security Alert: Unauthorized login attempts detected,We detected unusual login attempts on your account. Please click the link to verify your identity immediately. Click here: http://verification-amazon-support.net/login,2,1,1
Agenda for Tomorrow's Standup Meeting (Ref: 730),"Merged PR #405: updates user session cookies validation handlers. Thanks, David.",1,0,0
Update Billing Information: Payment Restrict Alert,We detected security restrictions on your credit card. Update your banking profile details to restore access. Click here: http://verification-netflix-support.net/login,2,1,1
Release notes for version 2.4.1 (Ref: 293),"Your request for business travel expenses has been reviewed and approved by management. Thanks, David.",1,0,0
Security Alert: Unauthorized login attempts detected,We could not process your monthly membership. Please update your payment card information at the link below. Click here: http://verification-chase-support.net/login,3,1,1
Annual performance evaluation reminder (Ref: 927),"I booked a table for 5 at the corner grill for our team lunch tomorrow. Thanks, David.",0,0,0
URGENT: Verify your account activity immediately!,Your recent invoice payment was declined. Update your billing credentials now to prevent account suspension. Click here: http://verification-amazon-support.net/login,1,1,1
Feedback on code design patterns (Ref: 772),"Attached is the PDF copy of our Q3 budget allocation analysis. Let me know if you have questions. Thanks, Sarah.",1,0,0
Microsoft Account: Verify security settings now,We detected security restrictions on your credit card. Update your banking profile details to restore access. Click here: http://verification-chase-support.net/login,1,1,1
Weekly Project Progress Update (Ref: 681),"We successfully deployed the latest security patches to the production clusters. Thanks, Alice.",1,0,0
Netflix: Your subscription has been suspended!,We could not process your monthly membership. Please update your payment card information at the link below. Click here: http://verification-amazon-support.net/login,1,1,1
Feedback on code design patterns (Ref: 423),"The recent refactor of the database layer looks clean. Great job on the transaction alignments. Thanks, John.",0,0,0
Netflix: Your subscription has been suspended!,"To protect your privacy, we require verification of your email account status. Click below to continue. Click here: http://verification-chase-support.net/login",3,1,1
Weekly Project Progress Update (Ref: 349),"We successfully deployed the latest security patches to the production clusters. Thanks, John.",0,0,0
Invoice Notification: Payment outstanding #83940,We could not process your monthly membership. Please update your payment card information at the link below. Click here: http://verification-paypal-support.net/login,2,1,1
Annual performance evaluation reminder (Ref: 110),"Merged PR #405: updates user session cookies validation handlers. Thanks, David.",1,0,0
System Warning: Update password immediately!,Your email security credentials expire in 24 hours. Log in here to synchronize your active password. Click here: http://verification-netflix-support.net/login,2,1,1
Quarterly financial report summary (Ref: 202),"I booked a table for 5 at the corner grill for our team lunch tomorrow. Thanks, John.",1,0,0
URGENT: Verify your account activity immediately!,Your email security credentials expire in 24 hours. Log in here to synchronize your active password. Click here: http://verification-paypal-support.net/login,2,1,1
Annual performance evaluation reminder (Ref: 822),"Let's meet tomorrow at 10 AM to discuss task prioritization and sprint objectives. Thanks, John.",0,0,0
Verify your banking details to avoid limitations,We detected security restrictions on your credit card. Update your banking profile details to restore access. Click here: http://verification-amazon-support.net/login,1,1,1
Lunch reservation details (Ref: 892),"This is a reminder to submit your self-assessment before the end-of-month review cycle. Thanks, Alice.",0,0,0
Netflix: Your subscription has been suspended!,Your recent invoice payment was declined. Update your billing credentials now to prevent account suspension. Click here: http://verification-netflix-support.net/login,3,1,1
New repository pull request merged (Ref: 571),"Merged PR #405: updates user session cookies validation handlers. Thanks, Sarah.",0,0,0
Security Alert: Unauthorized login attempts detected,"A transaction of $500.00 is pending verification. If you did not authorize this, log in here to cancel it. Click here: http://verification-amazon-support.net/login",2,0,1
Annual performance evaluation reminder (Ref: 142),"This is a reminder to submit your self-assessment before the end-of-month review cycle. Thanks, David.",1,0,0
System Warning: Update password immediately!,Your recent invoice payment was declined. Update your billing credentials now to prevent account suspension. Click here: http://verification-paypal-support.net/login,2,1,1
Quarterly financial report summary (Ref: 121),"We successfully deployed the latest security patches to the production clusters. Thanks, David.",0,0,0
Invoice Notification: Payment outstanding #83940,We detected security restrictions on your credit card. Update your banking profile details to restore access. Click here: http://verification-paypal-support.net/login,3,1,1
Approved: Expense report #3904 (Ref: 821),"Hi Team, please find attached the weekly spreadsheet covering our key performance indicators. Thanks, Alice.",1,0,0
URGENT: Verify your account activity immediately!,Your recent invoice payment was declined. Update your billing credentials now to prevent account suspension. Click here: http://verification-amazon-support.net/login,2,1,1
Annual performance evaluation reminder (Ref: 560),"This is a reminder to submit your self-assessment before the end-of-month review cycle. Thanks, Sarah.",0,0,0
Security Alert: Unauthorized login attempts detected,Your email security credentials expire in 24 hours. Log in here to synchronize your active password. Click here: http://verification-paypal-support.net/login,3,1,1
Quarterly financial report summary (Ref: 883),"The recent refactor of the database layer looks clean. Great job on the transaction alignments. Thanks, David.",1,0,0
Microsoft Account: Verify security settings now,"To protect your privacy, we require verification of your email account status. Click below to continue. Click here: http://verification-netflix-support.net/login",1,1,1
Annual performance evaluation reminder (Ref: 475),"Attached is the PDF copy of our Q3 budget allocation analysis. Let me know if you have questions. Thanks, John.",1,0,0
System Warning: Update password immediately!,Your recent invoice payment was declined. Update your billing credentials now to prevent account suspension. Click here: http://verification-paypal-support.net/login,1,1,1
New repository pull request merged (Ref: 782),"We successfully deployed the latest security patches to the production clusters. Thanks, Sarah.",1,0,0
Microsoft Account: Verify security settings now,We detected unusual login attempts on your account. Please click the link to verify your identity immediately. Click here: http://verification-amazon-support.net/login,3,1,1
Release notes for version 2.4.1 (Ref: 208),"Let's meet tomorrow at 10 AM to discuss task prioritization and sprint objectives. Thanks, John.",0,0,0
Verify your banking details to avoid limitations,We detected unusual login attempts on your account. Please click the link to verify your identity immediately. Click here: http://verification-netflix-support.net/login,2,1,1
Release notes for version 2.4.1 (Ref: 945),"Attached are the slides for the client presentation. Please review them before the call. Thanks, Alice.",0,0,0
Invoice Notification: Payment outstanding #83940,"Your account is past due. To avoid immediate collection actions, pay your outstanding bill at this portal. Click here: http://verification-paypal-support.net/login",1,1,1
Client presentation slide deck (Ref: 900),"This is a reminder to submit your self-assessment before the end-of-month review cycle. Thanks, John.",1,0,0
Update Billing Information: Payment Restrict Alert,Your recent invoice payment was declined. Update your billing credentials now to prevent account suspension. Click here: http://verification-chase-support.net/login,2,1,1
Quarterly financial report summary (Ref: 176),"Merged PR #405: updates user session cookies validation handlers. Thanks, David.",0,0,0
Microsoft Account: Verify security settings now,"To protect your privacy, we require verification of your email account status. Click below to continue. Click here: http://verification-chase-support.net/login",2,1,1
Quarterly financial report summary (Ref: 334),"The recent refactor of the database layer looks clean. Great job on the transaction alignments. Thanks, John.",0,0,0
Update Billing Information: Payment Restrict Alert,You have been selected to receive a promotional gift card. Claim your reward by logging in here. Click here: http://verification-paypal-support.net/login,1,1,1
Feedback on code design patterns (Ref: 755),"Attached is the PDF copy of our Q3 budget allocation analysis. Let me know if you have questions. Thanks, Alice.",1,0,0
System Warning: Update password immediately!,Someone accessed your profile from an unrecognized device in Russia. Verify your credentials below. Click here: http://verification-amazon-support.net/login,2,1,1
Lunch reservation details (Ref: 345),"Merged PR #405: updates user session cookies validation handlers. Thanks, Sarah.",0,0,0
Netflix: Your subscription has been suspended!,"A transaction of $500.00 is pending verification. If you did not authorize this, log in here to cancel it. Click here: http://verification-paypal-support.net/login",3,1,1
Lunch reservation details (Ref: 689),"Your request for business travel expenses has been reviewed and approved by management. Thanks, Alice.",0,0,0
Netflix: Your subscription has been suspended!,"A transaction of $500.00 is pending verification. If you did not authorize this, log in here to cancel it. Click here: http://verification-chase-support.net/login",2,1,1
Annual performance evaluation reminder (Ref: 535),"Attached is the PDF copy of our Q3 budget allocation analysis. Let me know if you have questions. Thanks, John.",1,0,0
"Congratulations! You won a $1,000 reward voucher",Your email security credentials expire in 24 hours. Log in here to synchronize your active password. Click here: http://verification-chase-support.net/login,1,1,1
Release notes for version 2.4.1 (Ref: 138),"Attached is the PDF copy of our Q3 budget allocation analysis. Let me know if you have questions. Thanks, David.",1,0,0
Microsoft Account: Verify security settings now,"To protect your privacy, we require verification of your email account status. Click below to continue. Click here: http://verification-paypal-support.net/login",3,1,1
Approved: Expense report #3904 (Ref: 408),"I booked a table for 5 at the corner grill for our team lunch tomorrow. Thanks, John.",1,0,0
Netflix: Your subscription has been suspended!,We detected security restrictions on your credit card. Update your banking profile details to restore access. Click here: http://verification-netflix-support.net/login,1,1,1
New repository pull request merged (Ref: 837),"This is a reminder to submit your self-assessment before the end-of-month review cycle. Thanks, David.",0,0,0
Invoice Notification: Payment outstanding #83940,"Your account is past due. To avoid immediate collection actions, pay your outstanding bill at this portal. Click here: http://verification-amazon-support.net/login",2,1,1
Client presentation slide deck (Ref: 822),"We successfully deployed the latest security patches to the production clusters. Thanks, Alice.",0,0,0
PayPal Support: Unauthorized funds transfer request,Your recent invoice payment was declined. Update your billing credentials now to prevent account suspension. Click here: http://verification-netflix-support.net/login,1,1,1
Approved: Expense report #3904 (Ref: 936),"The recent refactor of the database layer looks clean. Great job on the transaction alignments. Thanks, David.",0,0,0
System Warning: Update password immediately!,Your email security credentials expire in 24 hours. Log in here to synchronize your active password. Click here: http://verification-paypal-support.net/login,3,1,1
Weekly Project Progress Update (Ref: 302),"I booked a table for 5 at the corner grill for our team lunch tomorrow. Thanks, David.",1,0,0
"Congratulations! You won a $1,000 reward voucher",Your email security credentials expire in 24 hours. Log in here to synchronize your active password. Click here: http://verification-amazon-support.net/login,1,1,1
Weekly Project Progress Update (Ref: 675),"Your request for business travel expenses has been reviewed and approved by management. Thanks, David.",0,0,0
"Congratulations! You won a $1,000 reward voucher",Your email security credentials expire in 24 hours. Log in here to synchronize your active password. Click here: http://verification-chase-support.net/login,1,1,1
New repository pull request merged (Ref: 832),"The recent refactor of the database layer looks clean. Great job on the transaction alignments. Thanks, John.",0,0,0
PayPal Support: Unauthorized funds transfer request,"Your account is past due. To avoid immediate collection actions, pay your outstanding bill at this portal. Click here: http://verification-chase-support.net/login",2,0,1
Agenda for Tomorrow's Standup Meeting (Ref: 828),"Hi Team, please find attached the weekly spreadsheet covering our key performance indicators. Thanks, Sarah.",1,0,0
Invoice Notification: Payment outstanding #83940,Your email security credentials expire in 24 hours. Log in here to synchronize your active password. Click here: http://verification-chase-support.net/login,3,1,1
Weekly Project Progress Update (Ref: 320),"This is a reminder to submit your self-assessment before the end-of-month review cycle. Thanks, John.",1,0,0
Verify your banking details to avoid limitations,We could not process your monthly membership. Please update your payment card information at the link below. Click here: http://verification-paypal-support.net/login,3,1,1
Quarterly financial report summary (Ref: 897),"Let's meet tomorrow at 10 AM to discuss task prioritization and sprint objectives. Thanks, Alice.",0,0,0
"Congratulations! You won a $1,000 reward voucher",We detected security restrictions on your credit card. Update your banking profile details to restore access. Click here: http://verification-chase-support.net/login,3,1,1
Agenda for Tomorrow's Standup Meeting (Ref: 457),"Hi Team, please find attached the weekly spreadsheet covering our key performance indicators. Thanks, Sarah.",0,0,0
URGENT: Verify your account activity immediately!,We detected security restrictions on your credit card. Update your banking profile details to restore access. Click here: http://verification-paypal-support.net/login,3,1,1
Annual performance evaluation reminder (Ref: 103),"This is a reminder to submit your self-assessment before the end-of-month review cycle. Thanks, David.",1,0,0
Microsoft Account: Verify security settings now,"Your account is past due. To avoid immediate collection actions, pay your outstanding bill at this portal. Click here: http://verification-chase-support.net/login",1,1,1
Annual performance evaluation reminder (Ref: 420),"I booked a table for 5 at the corner grill for our team lunch tomorrow. Thanks, Sarah.",1,0,0
Microsoft Account: Verify security settings now,"A transaction of $500.00 is pending verification. If you did not authorize this, log in here to cancel it. Click here: http://verification-amazon-support.net/login",2,1,1
Feedback on code design patterns (Ref: 485),"This is a reminder to submit your self-assessment before the end-of-month review cycle. Thanks, David.",1,0,0
Verify your banking details to avoid limitations,You have been selected to receive a promotional gift card. Claim your reward by logging in here. Click here: http://verification-chase-support.net/login,2,1,1
Agenda for Tomorrow's Standup Meeting (Ref: 886),"We successfully deployed the latest security patches to the production clusters. Thanks, Alice.",0,0,0
Microsoft Account: Verify security settings now,"Your account is past due. To avoid immediate collection actions, pay your outstanding bill at this portal. Click here: http://verification-netflix-support.net/login",3,1,1
Agenda for Tomorrow's Standup Meeting (Ref: 429),"I booked a table for 5 at the corner grill for our team lunch tomorrow. Thanks, Sarah.",1,0,0
"Congratulations! You won a $1,000 reward voucher",Someone accessed your profile from an unrecognized device in Russia. Verify your credentials below. Click here: http://verification-chase-support.net/login,3,1,1
New repository pull request merged (Ref: 111),"Let's meet tomorrow at 10 AM to discuss task prioritization and sprint objectives. Thanks, Alice.",0,0,0
"Congratulations! You won a $1,000 reward voucher",We detected unusual login attempts on your account. Please click the link to verify your identity immediately. Click here: http://verification-paypal-support.net/login,2,1,1
Feedback on code design patterns (Ref: 142),"Attached is the PDF copy of our Q3 budget allocation analysis. Let me know if you have questions. Thanks, David.",1,0,0
System Warning: Update password immediately!,You have been selected to receive a promotional gift card. Claim your reward by logging in here. Click here: http://verification-netflix-support.net/login,3,1,1
Feedback on code design patterns (Ref: 127),"We successfully deployed the latest security patches to the production clusters. Thanks, Sarah.",1,0,0
System Warning: Update password immediately!,"A transaction of $500.00 is pending verification. If you did not authorize this, log in here to cancel it. Click here: http://verification-netflix-support.net/login",1,1,1
Approved: Expense report #3904 (Ref: 887),"This is a reminder to submit your self-assessment before the end-of-month review cycle. Thanks, David.",0,0,0
System Warning: Update password immediately!,Someone accessed your profile from an unrecognized device in Russia. Verify your credentials below. Click here: http://verification-amazon-support.net/login,2,1,1
Approved: Expense report #3904 (Ref: 852),"Attached is the PDF copy of our Q3 budget allocation analysis. Let me know if you have questions. Thanks, Sarah.",0,0,0
Verify your banking details to avoid limitations,"To protect your privacy, we require verification of your email account status. Click below to continue. Click here: http://verification-netflix-support.net/login",3,1,1
Approved: Expense report #3904 (Ref: 857),"Merged PR #405: updates user session cookies validation handlers. Thanks, John.",1,0,0
PayPal Support: Unauthorized funds transfer request,"A transaction of $500.00 is pending verification. If you did not authorize this, log in here to cancel it. Click here: http://verification-chase-support.net/login",2,0,1
Quarterly financial report summary (Ref: 153),"We successfully deployed the latest security patches to the production clusters. Thanks, Alice.",1,0,0
System Warning: Update password immediately!,We detected unusual login attempts on your account. Please click the link to verify your identity immediately. Click here: http://verification-amazon-support.net/login,2,1,1
Approved: Expense report #3904 (Ref: 847),"I booked a table for 5 at the corner grill for our team lunch tomorrow. Thanks, Alice.",1,0,0
Security Alert: Unauthorized login attempts detected,"To protect your privacy, we require verification of your email account status. Click below to continue. Click here: http://verification-netflix-support.net/login",3,0,1
Approved: Expense report #3904 (Ref: 668),"Let's meet tomorrow at 10 AM to discuss task prioritization and sprint objectives. Thanks, Alice.",1,0,0
Security Alert: Unauthorized login attempts detected,Your email security credentials expire in 24 hours. Log in here to synchronize your active password. Click here: http://verification-netflix-support.net/login,3,1,1
Lunch reservation details (Ref: 502),"I booked a table for 5 at the corner grill for our team lunch tomorrow. Thanks, Sarah.",1,0,0
Microsoft Account: Verify security settings now,We could not process your monthly membership. Please update your payment card information at the link below. Click here: http://verification-amazon-support.net/login,2,1,1
Annual performance evaluation reminder (Ref: 191),"Your request for business travel expenses has been reviewed and approved by management. Thanks, Alice.",0,0,0
Microsoft Account: Verify security settings now,Someone accessed your profile from an unrecognized device in Russia. Verify your credentials below. Click here: http://verification-netflix-support.net/login,3,1,1
Feedback on code design patterns (Ref: 999),"We successfully deployed the latest security patches to the production clusters. Thanks, Alice.",0,0,0
PayPal Support: Unauthorized funds transfer request,"Your account is past due. To avoid immediate collection actions, pay your outstanding bill at this portal. Click here: http://verification-paypal-support.net/login",3,0,1
Approved: Expense report #3904 (Ref: 223),"This is a reminder to submit your self-assessment before the end-of-month review cycle. Thanks, Alice.",1,0,0
Microsoft Account: Verify security settings now,We could not process your monthly membership. Please update your payment card information at the link below. Click here: http://verification-paypal-support.net/login,3,1,1
Weekly Project Progress Update (Ref: 765),"The recent refactor of the database layer looks clean. Great job on the transaction alignments. Thanks, Sarah.",0,0,0
Update Billing Information: Payment Restrict Alert,"A transaction of $500.00 is pending verification. If you did not authorize this, log in here to cancel it. Click here: http://verification-amazon-support.net/login",1,1,1
Weekly Project Progress Update (Ref: 142),"Hi Team, please find attached the weekly spreadsheet covering our key performance indicators. Thanks, Sarah.",1,0,0
"Congratulations! You won a $1,000 reward voucher","To protect your privacy, we require verification of your email account status. Click below to continue. Click here: http://verification-paypal-support.net/login",1,0,1
Client presentation slide deck (Ref: 968),"Attached are the slides for the client presentation. Please review them before the call. Thanks, Alice.",0,0,0
Security Alert: Unauthorized login attempts detected,We detected unusual login attempts on your account. Please click the link to verify your identity immediately. Click here: http://verification-amazon-support.net/login,3,1,1
Client presentation slide deck (Ref: 206),"This is a reminder to submit your self-assessment before the end-of-month review cycle. Thanks, Sarah.",1,0,0
PayPal Support: Unauthorized funds transfer request,We detected unusual login attempts on your account. Please click the link to verify your identity immediately. Click here: http://verification-chase-support.net/login,3,1,1
Annual performance evaluation reminder (Ref: 292),"Attached are the slides for the client presentation. Please review them before the call. Thanks, Sarah.",1,0,0
Verify your banking details to avoid limitations,"Your account is past due. To avoid immediate collection actions, pay your outstanding bill at this portal. Click here: http://verification-chase-support.net/login",1,1,1
Quarterly financial report summary (Ref: 626),"Let's meet tomorrow at 10 AM to discuss task prioritization and sprint objectives. Thanks, Sarah.",1,0,0
Netflix: Your subscription has been suspended!,Your email security credentials expire in 24 hours. Log in here to synchronize your active password. Click here: http://verification-chase-support.net/login,2,1,1
Client presentation slide deck (Ref: 932),"This is a reminder to submit your self-assessment before the end-of-month review cycle. Thanks, Alice.",0,0,0
System Warning: Update password immediately!,You have been selected to receive a promotional gift card. Claim your reward by logging in here. Click here: http://verification-paypal-support.net/login,2,1,1
Annual performance evaluation reminder (Ref: 207),"I booked a table for 5 at the corner grill for our team lunch tomorrow. Thanks, John.",0,0,0
Invoice Notification: Payment outstanding #83940,"A transaction of $500.00 is pending verification. If you did not authorize this, log in here to cancel it. Click here: http://verification-paypal-support.net/login",3,1,1
New repository pull request merged (Ref: 330),"This is a reminder to submit your self-assessment before the end-of-month review cycle. Thanks, David.",1,0,0
"Congratulations! You won a $1,000 reward voucher",We could not process your monthly membership. Please update your payment card information at the link below. Click here: http://verification-paypal-support.net/login,3,1,1
Quarterly financial report summary (Ref: 381),"We successfully deployed the latest security patches to the production clusters. Thanks, John.",0,0,0
Netflix: Your subscription has been suspended!,We detected security restrictions on your credit card. Update your banking profile details to restore access. Click here: http://verification-paypal-support.net/login,2,1,1
Approved: Expense report #3904 (Ref: 872),"Let's meet tomorrow at 10 AM to discuss task prioritization and sprint objectives. Thanks, David.",1,0,0
Security Alert: Unauthorized login attempts detected,We detected security restrictions on your credit card. Update your banking profile details to restore access. Click here: http://verification-chase-support.net/login,3,1,1
Client presentation slide deck (Ref: 473),"The recent refactor of the database layer looks clean. Great job on the transaction alignments. Thanks, David.",0,0,0
Netflix: Your subscription has been suspended!,"To protect your privacy, we require verification of your email account status. Click below to continue. Click here: http://verification-chase-support.net/login",3,1,1
Approved: Expense report #3904 (Ref: 896),"Attached is the PDF copy of our Q3 budget allocation analysis. Let me know if you have questions. Thanks, Sarah.",0,0,0
System Warning: Update password immediately!,We detected unusual login attempts on your account. Please click the link to verify your identity immediately. Click here: http://verification-amazon-support.net/login,3,1,1
Release notes for version 2.4.1 (Ref: 895),"Your request for business travel expenses has been reviewed and approved by management. Thanks, Alice.",1,0,0
Verify your banking details to avoid limitations,You have been selected to receive a promotional gift card. Claim your reward by logging in here. Click here: http://verification-amazon-support.net/login,2,1,1
Agenda for Tomorrow's Standup Meeting (Ref: 475),"This is a reminder to submit your self-assessment before the end-of-month review cycle. Thanks, John.",1,0,0
System Warning: Update password immediately!,We detected unusual login attempts on your account. Please click the link to verify your identity immediately. Click here: http://verification-chase-support.net/login,3,1,1
Quarterly financial report summary (Ref: 967),"Attached are the slides for the client presentation. Please review them before the call. Thanks, Alice.",1,0,0
System Warning: Update password immediately!,Your recent invoice payment was declined. Update your billing credentials now to prevent account suspension. Click here: http://verification-chase-support.net/login,2,1,1
Feedback on code design patterns (Ref: 780),"Let's meet tomorrow at 10 AM to discuss task prioritization and sprint objectives. Thanks, Alice.",0,0,0
Update Billing Information: Payment Restrict Alert,Your email security credentials expire in 24 hours. Log in here to synchronize your active password. Click here: http://verification-paypal-support.net/login,3,1,1
Client presentation slide deck (Ref: 628),"I booked a table for 5 at the corner grill for our team lunch tomorrow. Thanks, John.",1,0,0
Invoice Notification: Payment outstanding #83940,Someone accessed your profile from an unrecognized device in Russia. Verify your credentials below. Click here: http://verification-netflix-support.net/login,3,1,1
Feedback on code design patterns (Ref: 344),"The recent refactor of the database layer looks clean. Great job on the transaction alignments. Thanks, John.",1,0,0
Update Billing Information: Payment Restrict Alert,Someone accessed your profile from an unrecognized device in Russia. Verify your credentials below. Click here: http://verification-netflix-support.net/login,1,1,1
New repository pull request merged (Ref: 310),"Merged PR #405: updates user session cookies validation handlers. Thanks, Sarah.",0,0,0
System Warning: Update password immediately!,We detected security restrictions on your credit card. Update your banking profile details to restore access. Click here: http://verification-chase-support.net/login,3,1,1
Agenda for Tomorrow's Standup Meeting (Ref: 152),"This is a reminder to submit your self-assessment before the end-of-month review cycle. Thanks, David.",1,0,0
URGENT: Verify your account activity immediately!,Your recent invoice payment was declined. Update your billing credentials now to prevent account suspension. Click here: http://verification-amazon-support.net/login,2,1,1
Release notes for version 2.4.1 (Ref: 252),"This is a reminder to submit your self-assessment before the end-of-month review cycle. Thanks, Sarah.",1,0,0
System Warning: Update password immediately!,Your email security credentials expire in 24 hours. Log in here to synchronize your active password. Click here: http://verification-netflix-support.net/login,1,1,1
Lunch reservation details (Ref: 772),"The recent refactor of the database layer looks clean. Great job on the transaction alignments. Thanks, John.",0,0,0
"Congratulations! You won a $1,000 reward voucher",Your recent invoice payment was declined. Update your billing credentials now to prevent account suspension. Click here: http://verification-chase-support.net/login,3,1,1
Agenda for Tomorrow's Standup Meeting (Ref: 608),"The recent refactor of the database layer looks clean. Great job on the transaction alignments. Thanks, John.",1,0,0
Update Billing Information: Payment Restrict Alert,"Your account is past due. To avoid immediate collection actions, pay your outstanding bill at this portal. Click here: http://verification-amazon-support.net/login",2,1,1
Agenda for Tomorrow's Standup Meeting (Ref: 531),"Your request for business travel expenses has been reviewed and approved by management. Thanks, Sarah.",0,0,0
Update Billing Information: Payment Restrict Alert,Someone accessed your profile from an unrecognized device in Russia. Verify your credentials below. Click here: http://verification-paypal-support.net/login,2,1,1
Quarterly financial report summary (Ref: 833),"Hi Team, please find attached the weekly spreadsheet covering our key performance indicators. Thanks, Sarah.",0,0,0
Invoice Notification: Payment outstanding #83940,We could not process your monthly membership. Please update your payment card information at the link below. Click here: http://verification-netflix-support.net/login,2,1,1
New repository pull request merged (Ref: 655),"This is a reminder to submit your self-assessment before the end-of-month review cycle. Thanks, John.",1,0,0
Security Alert: Unauthorized login attempts detected,Someone accessed your profile from an unrecognized device in Russia. Verify your credentials below. Click here: http://verification-paypal-support.net/login,2,1,1
New repository pull request merged (Ref: 764),"This is a reminder to submit your self-assessment before the end-of-month review cycle. Thanks, John.",0,0,0
URGENT: Verify your account activity immediately!,We could not process your monthly membership. Please update your payment card information at the link below. Click here: http://verification-amazon-support.net/login,3,1,1
New repository pull request merged (Ref: 914),"We successfully deployed the latest security patches to the production clusters. Thanks, Sarah.",0,0,0
Security Alert: Unauthorized login attempts detected,Your email security credentials expire in 24 hours. Log in here to synchronize your active password. Click here: http://verification-amazon-support.net/login,3,1,1
Approved: Expense report #3904 (Ref: 677),"Attached are the slides for the client presentation. Please review them before the call. Thanks, David.",1,0,0
"Congratulations! You won a $1,000 reward voucher","To protect your privacy, we require verification of your email account status. Click below to continue. Click here: http://verification-chase-support.net/login",1,0,1
Approved: Expense report #3904 (Ref: 333),"I booked a table for 5 at the corner grill for our team lunch tomorrow. Thanks, Sarah.",1,0,0
Verify your banking details to avoid limitations,"A transaction of $500.00 is pending verification. If you did not authorize this, log in here to cancel it. Click here: http://verification-chase-support.net/login",2,1,1
Agenda for Tomorrow's Standup Meeting (Ref: 247),"Let's meet tomorrow at 10 AM to discuss task prioritization and sprint objectives. Thanks, David.",0,0,0
Microsoft Account: Verify security settings now,"Your account is past due. To avoid immediate collection actions, pay your outstanding bill at this portal. Click here: http://verification-paypal-support.net/login",3,1,1
Lunch reservation details (Ref: 302),"Let's meet tomorrow at 10 AM to discuss task prioritization and sprint objectives. Thanks, Alice.",1,0,0
URGENT: Verify your account activity immediately!,"To protect your privacy, we require verification of your email account status. Click below to continue. Click here: http://verification-paypal-support.net/login",3,1,1
Feedback on code design patterns (Ref: 482),"Attached is the PDF copy of our Q3 budget allocation analysis. Let me know if you have questions. Thanks, David.",1,0,0
PayPal Support: Unauthorized funds transfer request,Your email security credentials expire in 24 hours. Log in here to synchronize your active password. Click here: http://verification-chase-support.net/login,1,1,1
Lunch reservation details (Ref: 531),"Attached is the PDF copy of our Q3 budget allocation analysis. Let me know if you have questions. Thanks, John.",0,0,0
Verify your banking details to avoid limitations,"To protect your privacy, we require verification of your email account status. Click below to continue. Click here: http://verification-amazon-support.net/login",2,1,1
Quarterly financial report summary (Ref: 871),"This is a reminder to submit your self-assessment before the end-of-month review cycle. Thanks, Sarah.",0,0,0
Microsoft Account: Verify security settings now,Your email security credentials expire in 24 hours. Log in here to synchronize your active password. Click here: http://verification-amazon-support.net/login,1,1,1
Agenda for Tomorrow's Standup Meeting (Ref: 358),"We successfully deployed the latest security patches to the production clusters. Thanks, Alice.",1,0,0
URGENT: Verify your account activity immediately!,Your email security credentials expire in 24 hours. Log in here to synchronize your active password. Click here: http://verification-paypal-support.net/login,2,1,1
Weekly Project Progress Update (Ref: 373),"I booked a table for 5 at the corner grill for our team lunch tomorrow. Thanks, Alice.",0,0,0
"Congratulations! You won a $1,000 reward voucher",Someone accessed your profile from an unrecognized device in Russia. Verify your credentials below. Click here: http://verification-paypal-support.net/login,3,1,1
Release notes for version 2.4.1 (Ref: 740),"Hi Team, please find attached the weekly spreadsheet covering our key performance indicators. Thanks, Sarah.",0,0,0
Netflix: Your subscription has been suspended!,"To protect your privacy, we require verification of your email account status. Click below to continue. Click here: http://verification-netflix-support.net/login",3,1,1
Approved: Expense report #3904 (Ref: 391),"We successfully deployed the latest security patches to the production clusters. Thanks, David.",1,0,0
Security Alert: Unauthorized login attempts detected,You have been selected to receive a promotional gift card. Claim your reward by logging in here. Click here: http://verification-paypal-support.net/login,3,0,1
Release notes for version 2.4.1 (Ref: 214),"Hi Team, please find attached the weekly spreadsheet covering our key performance indicators. Thanks, John.",1,0,0
Netflix: Your subscription has been suspended!,"Your account is past due. To avoid immediate collection actions, pay your outstanding bill at this portal. Click here: http://verification-netflix-support.net/login",2,1,1
Release notes for version 2.4.1 (Ref: 413),"This is a reminder to submit your self-assessment before the end-of-month review cycle. Thanks, Alice.",0,0,0
Update Billing Information: Payment Restrict Alert,You have been selected to receive a promotional gift card. Claim your reward by logging in here. Click here: http://verification-chase-support.net/login,2,1,1
Lunch reservation details (Ref: 551),"The recent refactor of the database layer looks clean. Great job on the transaction alignments. Thanks, David.",0,0,0
System Warning: Update password immediately!,We detected unusual login attempts on your account. Please click the link to verify your identity immediately. Click here: http://verification-amazon-support.net/login,3,1,1
Client presentation slide deck (Ref: 498),"Merged PR #405: updates user session cookies validation handlers. Thanks, John.",1,0,0
Invoice Notification: Payment outstanding #83940,"Your account is past due. To avoid immediate collection actions, pay your outstanding bill at this portal. Click here: http://verification-chase-support.net/login",2,1,1
Agenda for Tomorrow's Standup Meeting (Ref: 721),"Your request for business travel expenses has been reviewed and approved by management. Thanks, David.",0,0,0
URGENT: Verify your account activity immediately!,Your recent invoice payment was declined. Update your billing credentials now to prevent account suspension. Click here: http://verification-paypal-support.net/login,1,1,1
New repository pull request merged (Ref: 375),"Attached are the slides for the client presentation. Please review them before the call. Thanks, David.",0,0,0
System Warning: Update password immediately!,Your email security credentials expire in 24 hours. Log in here to synchronize your active password. Click here: http://verification-paypal-support.net/login,2,1,1
Release notes for version 2.4.1 (Ref: 303),"The recent refactor of the database layer looks clean. Great job on the transaction alignments. Thanks, Alice.",0,0,0
Netflix: Your subscription has been suspended!,Your email security credentials expire in 24 hours. Log in here to synchronize your active password. Click here: http://verification-netflix-support.net/login,2,1,1
Agenda for Tomorrow's Standup Meeting (Ref: 918),"Hi Team, please find attached the weekly spreadsheet covering our key performance indicators. Thanks, Alice.",0,0,0
Netflix: Your subscription has been suspended!,We could not process your monthly membership. Please update your payment card information at the link below. Click here: http://verification-amazon-support.net/login,3,1,1
Lunch reservation details (Ref: 738),"Merged PR #405: updates user session cookies validation handlers. Thanks, Alice.",1,0,0
"Congratulations! You won a $1,000 reward voucher",Your recent invoice payment was declined. Update your billing credentials now to prevent account suspension. Click here: http://verification-chase-support.net/login,2,1,1
Quarterly financial report summary (Ref: 488),"The recent refactor of the database layer looks clean. Great job on the transaction alignments. Thanks, Sarah.",1,0,0
Invoice Notification: Payment outstanding #83940,Your recent invoice payment was declined. Update your billing credentials now to prevent account suspension. Click here: http://verification-amazon-support.net/login,2,1,1
Client presentation slide deck (Ref: 554),"Let's meet tomorrow at 10 AM to discuss task prioritization and sprint objectives. Thanks, David.",1,0,0
Netflix: Your subscription has been suspended!,"A transaction of $500.00 is pending verification. If you did not authorize this, log in here to cancel it. Click here: http://verification-chase-support.net/login",1,1,1
Lunch reservation details (Ref: 869),"This is a reminder to submit your self-assessment before the end-of-month review cycle. Thanks, Sarah.",1,0,0
Security Alert: Unauthorized login attempts detected,We detected security restrictions on your credit card. Update your banking profile details to restore access. Click here: http://verification-paypal-support.net/login,2,1,1
Lunch reservation details (Ref: 216),"Hi Team, please find attached the weekly spreadsheet covering our key performance indicators. Thanks, Alice.",1,0,0
PayPal Support: Unauthorized funds transfer request,"To protect your privacy, we require verification of your email account status. Click below to continue. Click here: http://verification-chase-support.net/login",1,0,1
Annual performance evaluation reminder (Ref: 275),"Let's meet tomorrow at 10 AM to discuss task prioritization and sprint objectives. Thanks, David.",1,0,0
Update Billing Information: Payment Restrict Alert,We detected security restrictions on your credit card. Update your banking profile details to restore access. Click here: http://verification-amazon-support.net/login,1,1,1
Client presentation slide deck (Ref: 455),"Let's meet tomorrow at 10 AM to discuss task prioritization and sprint objectives. Thanks, David.",0,0,0
URGENT: Verify your account activity immediately!,Your recent invoice payment was declined. Update your billing credentials now to prevent account suspension. Click here: http://verification-chase-support.net/login,3,1,1
New repository pull request merged (Ref: 170),"Your request for business travel expenses has been reviewed and approved by management. Thanks, John.",0,0,0
Invoice Notification: Payment outstanding #83940,We could not process your monthly membership. Please update your payment card information at the link below. Click here: http://verification-paypal-support.net/login,3,1,1
Weekly Project Progress Update (Ref: 750),"We successfully deployed the latest security patches to the production clusters. Thanks, Alice.",0,0,0
Update Billing Information: Payment Restrict Alert,"Your account is past due. To avoid immediate collection actions, pay your outstanding bill at this portal. Click here: http://verification-amazon-support.net/login",1,1,1
Approved: Expense report #3904 (Ref: 780),"Merged PR #405: updates user session cookies validation handlers. Thanks, David.",1,0,0
URGENT: Verify your account activity immediately!,Your recent invoice payment was declined. Update your billing credentials now to prevent account suspension. Click here: http://verification-chase-support.net/login,2,1,1
Agenda for Tomorrow's Standup Meeting (Ref: 329),"The recent refactor of the database layer looks clean. Great job on the transaction alignments. Thanks, Sarah.",0,0,0
Netflix: Your subscription has been suspended!,We detected security restrictions on your credit card. Update your banking profile details to restore access. Click here: http://verification-amazon-support.net/login,3,1,1
Release notes for version 2.4.1 (Ref: 852),"Your request for business travel expenses has been reviewed and approved by management. Thanks, Alice.",1,0,0
System Warning: Update password immediately!,"A transaction of $500.00 is pending verification. If you did not authorize this, log in here to cancel it. Click here: http://verification-amazon-support.net/login",1,1,1
New repository pull request merged (Ref: 549),"Attached are the slides for the client presentation. Please review them before the call. Thanks, David.",1,0,0
Invoice Notification: Payment outstanding #83940,"Your account is past due. To avoid immediate collection actions, pay your outstanding bill at this portal. Click here: http://verification-amazon-support.net/login",1,1,1
Approved: Expense report #3904 (Ref: 510),"The recent refactor of the database layer looks clean. Great job on the transaction alignments. Thanks, Alice.",1,0,0
PayPal Support: Unauthorized funds transfer request,"A transaction of $500.00 is pending verification. If you did not authorize this, log in here to cancel it. Click here: http://verification-netflix-support.net/login",3,0,1
New repository pull request merged (Ref: 659),"This is a reminder to submit your self-assessment before the end-of-month review cycle. Thanks, John.",1,0,0
Verify your banking details to avoid limitations,Someone accessed your profile from an unrecognized device in Russia. Verify your credentials below. Click here: http://verification-amazon-support.net/login,2,1,1
Quarterly financial report summary (Ref: 296),"This is a reminder to submit your self-assessment before the end-of-month review cycle. Thanks, Alice.",1,0,0
Security Alert: Unauthorized login attempts detected,"Your account is past due. To avoid immediate collection actions, pay your outstanding bill at this portal. Click here: http://verification-netflix-support.net/login",1,0,1
Feedback on code design patterns (Ref: 436),"Let's meet tomorrow at 10 AM to discuss task prioritization and sprint objectives. Thanks, Alice.",0,0,0
System Warning: Update password immediately!,"To protect your privacy, we require verification of your email account status. Click below to continue. Click here: http://verification-chase-support.net/login",1,1,1
Feedback on code design patterns (Ref: 539),"Attached are the slides for the client presentation. Please review them before the call. Thanks, David.",1,0,0
System Warning: Update password immediately!,We detected security restrictions on your credit card. Update your banking profile details to restore access. Click here: http://verification-paypal-support.net/login,3,1,1
Release notes for version 2.4.1 (Ref: 936),"I booked a table for 5 at the corner grill for our team lunch tomorrow. Thanks, Alice.",1,0,0
Netflix: Your subscription has been suspended!,We detected unusual login attempts on your account. Please click the link to verify your identity immediately. Click here: http://verification-chase-support.net/login,2,1,1
Annual performance evaluation reminder (Ref: 510),"Attached are the slides for the client presentation. Please review them before the call. Thanks, Sarah.",1,0,0
URGENT: Verify your account activity immediately!,"A transaction of $500.00 is pending verification. If you did not authorize this, log in here to cancel it. Click here: http://verification-netflix-support.net/login",2,1,1
Quarterly financial report summary (Ref: 667),"Your request for business travel expenses has been reviewed and approved by management. Thanks, Alice.",1,0,0
PayPal Support: Unauthorized funds transfer request,We detected security restrictions on your credit card. Update your banking profile details to restore access. Click here: http://verification-chase-support.net/login,2,1,1
Agenda for Tomorrow's Standup Meeting (Ref: 524),"This is a reminder to submit your self-assessment before the end-of-month review cycle. Thanks, John.",0,0,0
Update Billing Information: Payment Restrict Alert,We detected security restrictions on your credit card. Update your banking profile details to restore access. Click here: http://verification-paypal-support.net/login,2,1,1
Lunch reservation details (Ref: 731),"Let's meet tomorrow at 10 AM to discuss task prioritization and sprint objectives. Thanks, David.",0,0,0
Netflix: Your subscription has been suspended!,"Your account is past due. To avoid immediate collection actions, pay your outstanding bill at this portal. Click here: http://verification-paypal-support.net/login",3,1,1
Release notes for version 2.4.1 (Ref: 394),"Your request for business travel expenses has been reviewed and approved by management. Thanks, David.",0,0,0
URGENT: Verify your account activity immediately!,We detected security restrictions on your credit card. Update your banking profile details to restore access. Click here: http://verification-amazon-support.net/login,3,1,1
Feedback on code design patterns (Ref: 798),"I booked a table for 5 at the corner grill for our team lunch tomorrow. Thanks, Sarah.",0,0,0
Verify your banking details to avoid limitations,We detected security restrictions on your credit card. Update your banking profile details to restore access. Click here: http://verification-paypal-support.net/login,3,1,1
Lunch reservation details (Ref: 928),"Attached is the PDF copy of our Q3 budget allocation analysis. Let me know if you have questions. Thanks, Alice.",0,0,0
URGENT: Verify your account activity immediately!,"To protect your privacy, we require verification of your email account status. Click below to continue. Click here: http://verification-chase-support.net/login",3,1,1
Lunch reservation details (Ref: 716),"Attached are the slides for the client presentation. Please review them before the call. Thanks, John.",1,0,0
URGENT: Verify your account activity immediately!,"Your account is past due. To avoid immediate collection actions, pay your outstanding bill at this portal. Click here: http://verification-chase-support.net/login",1,1,1
Weekly Project Progress Update (Ref: 469),"This is a reminder to submit your self-assessment before the end-of-month review cycle. Thanks, Alice.",1,0,0
Update Billing Information: Payment Restrict Alert,"Your account is past due. To avoid immediate collection actions, pay your outstanding bill at this portal. Click here: http://verification-amazon-support.net/login",3,1,1
Agenda for Tomorrow's Standup Meeting (Ref: 290),"We successfully deployed the latest security patches to the production clusters. Thanks, John.",1,0,0
Verify your banking details to avoid limitations,We detected security restrictions on your credit card. Update your banking profile details to restore access. Click here: http://verification-amazon-support.net/login,1,1,1
Release notes for version 2.4.1 (Ref: 939),"The recent refactor of the database layer looks clean. Great job on the transaction alignments. Thanks, Alice.",1,0,0
Update Billing Information: Payment Restrict Alert,"Your account is past due. To avoid immediate collection actions, pay your outstanding bill at this portal. Click here: http://verification-amazon-support.net/login",3,1,1
Feedback on code design patterns (Ref: 580),"The recent refactor of the database layer looks clean. Great job on the transaction alignments. Thanks, David.",1,0,0
URGENT: Verify your account activity immediately!,"Your account is past due. To avoid immediate collection actions, pay your outstanding bill at this portal. Click here: http://verification-amazon-support.net/login",1,1,1
New repository pull request merged (Ref: 388),"Attached is the PDF copy of our Q3 budget allocation analysis. Let me know if you have questions. Thanks, David.",1,0,0
Update Billing Information: Payment Restrict Alert,We detected unusual login attempts on your account. Please click the link to verify your identity immediately. Click here: http://verification-netflix-support.net/login,3,1,1
New repository pull request merged (Ref: 951),"Let's meet tomorrow at 10 AM to discuss task prioritization and sprint objectives. Thanks, Alice.",1,0,0
"Congratulations! You won a $1,000 reward voucher",You have been selected to receive a promotional gift card. Claim your reward by logging in here. Click here: http://verification-amazon-support.net/login,1,0,1
Feedback on code design patterns (Ref: 934),"Attached are the slides for the client presentation. Please review them before the call. Thanks, David.",0,0,0
Microsoft Account: Verify security settings now,"Your account is past due. To avoid immediate collection actions, pay your outstanding bill at this portal. Click here: http://verification-amazon-support.net/login",1,1,1
Approved: Expense report #3904 (Ref: 909),"Hi Team, please find attached the weekly spreadsheet covering our key performance indicators. Thanks, Alice.",0,0,0
Microsoft Account: Verify security settings now,Your recent invoice payment was declined. Update your billing credentials now to prevent account suspension. Click here: http://verification-chase-support.net/login,1,1,1
Feedback on code design patterns (Ref: 485),"Let's meet tomorrow at 10 AM to discuss task prioritization and sprint objectives. Thanks, John.",0,0,0
System Warning: Update password immediately!,"To protect your privacy, we require verification of your email account status. Click below to continue. Click here: http://verification-amazon-support.net/login",1,1,1
Agenda for Tomorrow's Standup Meeting (Ref: 289),"This is a reminder to submit your self-assessment before the end-of-month review cycle. Thanks, Alice.",0,0,0
PayPal Support: Unauthorized funds transfer request,Someone accessed your profile from an unrecognized device in Russia. Verify your credentials below. Click here: http://verification-amazon-support.net/login,3,1,1
Approved: Expense report #3904 (Ref: 470),"Merged PR #405: updates user session cookies validation handlers. Thanks, David.",0,0,0
Invoice Notification: Payment outstanding #83940,We could not process your monthly membership. Please update your payment card information at the link below. Click here: http://verification-amazon-support.net/login,3,1,1
New repository pull request merged (Ref: 607),"I booked a table for 5 at the corner grill for our team lunch tomorrow. Thanks, John.",1,0,0
URGENT: Verify your account activity immediately!,You have been selected to receive a promotional gift card. Claim your reward by logging in here. Click here: http://verification-netflix-support.net/login,1,1,1
Client presentation slide deck (Ref: 768),"This is a reminder to submit your self-assessment before the end-of-month review cycle. Thanks, David.",1,0,0
"Congratulations! You won a $1,000 reward voucher",We could not process your monthly membership. Please update your payment card information at the link below. Click here: http://verification-netflix-support.net/login,3,1,1
Client presentation slide deck (Ref: 298),"I booked a table for 5 at the corner grill for our team lunch tomorrow. Thanks, Alice.",1,0,0
Netflix: Your subscription has been suspended!,"A transaction of $500.00 is pending verification. If you did not authorize this, log in here to cancel it. Click here: http://verification-netflix-support.net/login",2,1,1
New repository pull request merged (Ref: 882),"Merged PR #405: updates user session cookies validation handlers. Thanks, David.",0,0,0
Verify your banking details to avoid limitations,Your recent invoice payment was declined. Update your billing credentials now to prevent account suspension. Click here: http://verification-chase-support.net/login,1,1,1
Client presentation slide deck (Ref: 806),"Attached are the slides for the client presentation. Please review them before the call. Thanks, Sarah.",0,0,0
Netflix: Your subscription has been suspended!,We detected unusual login attempts on your account. Please click the link to verify your identity immediately. Click here: http://verification-netflix-support.net/login,1,1,1
Feedback on code design patterns (Ref: 447),"Hi Team, please find attached the weekly spreadsheet covering our key performance indicators. Thanks, Alice.",0,0,0
Update Billing Information: Payment Restrict Alert,You have been selected to receive a promotional gift card. Claim your reward by logging in here. Click here: http://verification-chase-support.net/login,1,1,1
Client presentation slide deck (Ref: 421),"Your request for business travel expenses has been reviewed and approved by management. Thanks, Alice.",0,0,0
Netflix: Your subscription has been suspended!,Your email security credentials expire in 24 hours. Log in here to synchronize your active password. Click here: http://verification-netflix-support.net/login,1,1,1
Approved: Expense report #3904 (Ref: 895),"We successfully deployed the latest security patches to the production clusters. Thanks, Sarah.",1,0,0
Microsoft Account: Verify security settings now,We detected unusual login attempts on your account. Please click the link to verify your identity immediately. Click here: http://verification-paypal-support.net/login,1,1,1
Quarterly financial report summary (Ref: 556),"The recent refactor of the database layer looks clean. Great job on the transaction alignments. Thanks, David.",0,0,0
Update Billing Information: Payment Restrict Alert,We could not process your monthly membership. Please update your payment card information at the link below. Click here: http://verification-amazon-support.net/login,2,1,1
Release notes for version 2.4.1 (Ref: 777),"Let's meet tomorrow at 10 AM to discuss task prioritization and sprint objectives. Thanks, John.",1,0,0
PayPal Support: Unauthorized funds transfer request,"To protect your privacy, we require verification of your email account status. Click below to continue. Click here: http://verification-chase-support.net/login",3,0,1
Weekly Project Progress Update (Ref: 893),"Your request for business travel expenses has been reviewed and approved by management. Thanks, Sarah.",1,0,0
System Warning: Update password immediately!,"To protect your privacy, we require verification of your email account status. Click below to continue. Click here: http://verification-netflix-support.net/login",2,1,1
Lunch reservation details (Ref: 397),"Attached are the slides for the client presentation. Please review them before the call. Thanks, Sarah.",1,0,0
URGENT: Verify your account activity immediately!,We could not process your monthly membership. Please update your payment card information at the link below. Click here: http://verification-chase-support.net/login,3,1,1
Annual performance evaluation reminder (Ref: 189),"Let's meet tomorrow at 10 AM to discuss task prioritization and sprint objectives. Thanks, Sarah.",1,0,0
Update Billing Information: Payment Restrict Alert,Your email security credentials expire in 24 hours. Log in here to synchronize your active password. Click here: http://verification-amazon-support.net/login,3,1,1
Annual performance evaluation reminder (Ref: 491),"I booked a table for 5 at the corner grill for our team lunch tomorrow. Thanks, David.",0,0,0
System Warning: Update password immediately!,Your recent invoice payment was declined. Update your billing credentials now to prevent account suspension. Click here: http://verification-chase-support.net/login,1,1,1
Quarterly financial report summary (Ref: 255),"Attached are the slides for the client presentation. Please review them before the call. Thanks, Alice.",1,0,0
"Congratulations! You won a $1,000 reward voucher",You have been selected to receive a promotional gift card. Claim your reward by logging in here. Click here: http://verification-chase-support.net/login,3,0,1
Agenda for Tomorrow's Standup Meeting (Ref: 545),"Hi Team, please find attached the weekly spreadsheet covering our key performance indicators. Thanks, John.",1,0,0
Security Alert: Unauthorized login attempts detected,We detected unusual login attempts on your account. Please click the link to verify your identity immediately. Click here: http://verification-netflix-support.net/login,1,1,1
Feedback on code design patterns (Ref: 841),"Your request for business travel expenses has been reviewed and approved by management. Thanks, David.",1,0,0
PayPal Support: Unauthorized funds transfer request,"Your account is past due. To avoid immediate collection actions, pay your outstanding bill at this portal. Click here: http://verification-netflix-support.net/login",2,0,1
Agenda for Tomorrow's Standup Meeting (Ref: 305),"Your request for business travel expenses has been reviewed and approved by management. Thanks, Alice.",1,0,0
Verify your banking details to avoid limitations,We could not process your monthly membership. Please update your payment card information at the link below. Click here: http://verification-paypal-support.net/login,1,1,1
Approved: Expense report #3904 (Ref: 679),"Attached is the PDF copy of our Q3 budget allocation analysis. Let me know if you have questions. Thanks, David.",0,0,0
Microsoft Account: Verify security settings now,You have been selected to receive a promotional gift card. Claim your reward by logging in here. Click here: http://verification-chase-support.net/login,1,1,1
Lunch reservation details (Ref: 465),"Merged PR #405: updates user session cookies validation handlers. Thanks, Alice.",0,0,0
"Congratulations! You won a $1,000 reward voucher","To protect your privacy, we require verification of your email account status. Click below to continue. Click here: http://verification-amazon-support.net/login",1,0,1
Approved: Expense report #3904 (Ref: 896),"Let's meet tomorrow at 10 AM to discuss task prioritization and sprint objectives. Thanks, Alice.",0,0,0
System Warning: Update password immediately!,"Your account is past due. To avoid immediate collection actions, pay your outstanding bill at this portal. Click here: http://verification-chase-support.net/login",3,1,1
Feedback on code design patterns (Ref: 674),"Your request for business travel expenses has been reviewed and approved by management. Thanks, Sarah.",0,0,0
"Congratulations! You won a $1,000 reward voucher",We detected unusual login attempts on your account. Please click the link to verify your identity immediately. Click here: http://verification-paypal-support.net/login,1,1,1
Feedback on code design patterns (Ref: 478),"Hi Team, please find attached the weekly spreadsheet covering our key performance indicators. Thanks, David.",0,0,0
Netflix: Your subscription has been suspended!,Someone accessed your profile from an unrecognized device in Russia. Verify your credentials below. Click here: http://verification-paypal-support.net/login,3,1,1
Lunch reservation details (Ref: 668),"This is a reminder to submit your self-assessment before the end-of-month review cycle. Thanks, John.",1,0,0
PayPal Support: Unauthorized funds transfer request,Your email security credentials expire in 24 hours. Log in here to synchronize your active password. Click here: http://verification-paypal-support.net/login,2,1,1
Release notes for version 2.4.1 (Ref: 963),"The recent refactor of the database layer looks clean. Great job on the transaction alignments. Thanks, John.",0,0,0
Microsoft Account: Verify security settings now,Someone accessed your profile from an unrecognized device in Russia. Verify your credentials below. Click here: http://verification-paypal-support.net/login,2,1,1
Lunch reservation details (Ref: 274),"The recent refactor of the database layer looks clean. Great job on the transaction alignments. Thanks, David.",1,0,0
URGENT: Verify your account activity immediately!,You have been selected to receive a promotional gift card. Claim your reward by logging in here. Click here: http://verification-amazon-support.net/login,3,1,1
Release notes for version 2.4.1 (Ref: 875),"Merged PR #405: updates user session cookies validation handlers. Thanks, Alice.",0,0,0
System Warning: Update password immediately!,Your email security credentials expire in 24 hours. Log in here to synchronize your active password. Click here: http://verification-paypal-support.net/login,2,1,1
Lunch reservation details (Ref: 270),"Attached are the slides for the client presentation. Please review them before the call. Thanks, David.",1,0,0
PayPal Support: Unauthorized funds transfer request,"Your account is past due. To avoid immediate collection actions, pay your outstanding bill at this portal. Click here: http://verification-netflix-support.net/login",1,0,1
Annual performance evaluation reminder (Ref: 284),"This is a reminder to submit your self-assessment before the end-of-month review cycle. Thanks, Alice.",1,0,0
Netflix: Your subscription has been suspended!,"Your account is past due. To avoid immediate collection actions, pay your outstanding bill at this portal. Click here: http://verification-amazon-support.net/login",3,1,1
Annual performance evaluation reminder (Ref: 578),"Attached are the slides for the client presentation. Please review them before the call. Thanks, Sarah.",1,0,0
"Congratulations! You won a $1,000 reward voucher",Someone accessed your profile from an unrecognized device in Russia. Verify your credentials below. Click here: http://verification-amazon-support.net/login,2,1,1
Approved: Expense report #3904 (Ref: 997),"Hi Team, please find attached the weekly spreadsheet covering our key performance indicators. Thanks, David.",1,0,0
Microsoft Account: Verify security settings now,You have been selected to receive a promotional gift card. Claim your reward by logging in here. Click here: http://verification-chase-support.net/login,1,1,1
Lunch reservation details (Ref: 127),"We successfully deployed the latest security patches to the production clusters. Thanks, John.",1,0,0
Microsoft Account: Verify security settings now,"To protect your privacy, we require verification of your email account status. Click below to continue. Click here: http://verification-amazon-support.net/login",3,1,1
Approved: Expense report #3904 (Ref: 202),"I booked a table for 5 at the corner grill for our team lunch tomorrow. Thanks, John.",0,0,0
Netflix: Your subscription has been suspended!,Your recent invoice payment was declined. Update your billing credentials now to prevent account suspension. Click here: http://verification-paypal-support.net/login,2,1,1
New repository pull request merged (Ref: 526),"This is a reminder to submit your self-assessment before the end-of-month review cycle. Thanks, David.",1,0,0
Microsoft Account: Verify security settings now,Your email security credentials expire in 24 hours. Log in here to synchronize your active password. Click here: http://verification-paypal-support.net/login,1,1,1
Quarterly financial report summary (Ref: 368),"Let's meet tomorrow at 10 AM to discuss task prioritization and sprint objectives. Thanks, David.",0,0,0
Invoice Notification: Payment outstanding #83940,Your email security credentials expire in 24 hours. Log in here to synchronize your active password. Click here: http://verification-paypal-support.net/login,3,1,1
Lunch reservation details (Ref: 384),"Attached are the slides for the client presentation. Please review them before the call. Thanks, David.",0,0,0
Security Alert: Unauthorized login attempts detected,Someone accessed your profile from an unrecognized device in Russia. Verify your credentials below. Click here: http://verification-paypal-support.net/login,2,1,1
Annual performance evaluation reminder (Ref: 790),"Merged PR #405: updates user session cookies validation handlers. Thanks, John.",0,0,0
URGENT: Verify your account activity immediately!,Your recent invoice payment was declined. Update your billing credentials now to prevent account suspension. Click here: http://verification-paypal-support.net/login,1,1,1
Feedback on code design patterns (Ref: 924),"This is a reminder to submit your self-assessment before the end-of-month review cycle. Thanks, Sarah.",1,0,0
Update Billing Information: Payment Restrict Alert,You have been selected to receive a promotional gift card. Claim your reward by logging in here. Click here: http://verification-chase-support.net/login,3,1,1
Quarterly financial report summary (Ref: 792),"Hi Team, please find attached the weekly spreadsheet covering our key performance indicators. Thanks, John.",0,0,0
Update Billing Information: Payment Restrict Alert,Your email security credentials expire in 24 hours. Log in here to synchronize your active password. Click here: http://verification-netflix-support.net/login,1,1,1
Quarterly financial report summary (Ref: 913),"Hi Team, please find attached the weekly spreadsheet covering our key performance indicators. Thanks, John.",0,0,0
System Warning: Update password immediately!,"A transaction of $500.00 is pending verification. If you did not authorize this, log in here to cancel it. Click here: http://verification-netflix-support.net/login",3,1,1
Approved: Expense report #3904 (Ref: 832),"Attached are the slides for the client presentation. Please review them before the call. Thanks, Sarah.",1,0,0
"Congratulations! You won a $1,000 reward voucher",Your recent invoice payment was declined. Update your billing credentials now to prevent account suspension. Click here: http://verification-paypal-support.net/login,2,1,1
Feedback on code design patterns (Ref: 970),"Merged PR #405: updates user session cookies validation handlers. Thanks, David.",1,0,0
Microsoft Account: Verify security settings now,Your recent invoice payment was declined. Update your billing credentials now to prevent account suspension. Click here: http://verification-paypal-support.net/login,1,1,1
Quarterly financial report summary (Ref: 350),"Merged PR #405: updates user session cookies validation handlers. Thanks, Alice.",0,0,0
Update Billing Information: Payment Restrict Alert,You have been selected to receive a promotional gift card. Claim your reward by logging in here. Click here: http://verification-amazon-support.net/login,2,1,1
Client presentation slide deck (Ref: 655),"This is a reminder to submit your self-assessment before the end-of-month review cycle. Thanks, Sarah.",1,0,0
Microsoft Account: Verify security settings now,"Your account is past due. To avoid immediate collection actions, pay your outstanding bill at this portal. Click here: http://verification-chase-support.net/login",2,1,1
Annual performance evaluation reminder (Ref: 223),"We successfully deployed the latest security patches to the production clusters. Thanks, Sarah.",1,0,0
Security Alert: Unauthorized login attempts detected,Your email security credentials expire in 24 hours. Log in here to synchronize your active password. Click here: http://verification-paypal-support.net/login,1,1,1
Approved: Expense report #3904 (Ref: 995),"I booked a table for 5 at the corner grill for our team lunch tomorrow. Thanks, Alice.",0,0,0
Update Billing Information: Payment Restrict Alert,Your recent invoice payment was declined. Update your billing credentials now to prevent account suspension. Click here: http://verification-netflix-support.net/login,1,1,1
Quarterly financial report summary (Ref: 439),"I booked a table for 5 at the corner grill for our team lunch tomorrow. Thanks, David.",1,0,0
"Congratulations! You won a $1,000 reward voucher",Your email security credentials expire in 24 hours. Log in here to synchronize your active password. Click here: http://verification-netflix-support.net/login,2,1,1
Release notes for version 2.4.1 (Ref: 735),"Attached are the slides for the client presentation. Please review them before the call. Thanks, David.",0,0,0
Invoice Notification: Payment outstanding #83940,"A transaction of $500.00 is pending verification. If you did not authorize this, log in here to cancel it. Click here: http://verification-paypal-support.net/login",3,1,1
Weekly Project Progress Update (Ref: 344),"Let's meet tomorrow at 10 AM to discuss task prioritization and sprint objectives. Thanks, David.",0,0,0
Netflix: Your subscription has been suspended!,We detected unusual login attempts on your account. Please click the link to verify your identity immediately. Click here: http://verification-paypal-support.net/login,2,1,1
Client presentation slide deck (Ref: 726),"Merged PR #405: updates user session cookies validation handlers. Thanks, John.",1,0,0
Invoice Notification: Payment outstanding #83940,We detected security restrictions on your credit card. Update your banking profile details to restore access. Click here: http://verification-paypal-support.net/login,1,1,1
Approved: Expense report #3904 (Ref: 816),"Let's meet tomorrow at 10 AM to discuss task prioritization and sprint objectives. Thanks, Alice.",0,0,0
Verify your banking details to avoid limitations,We detected security restrictions on your credit card. Update your banking profile details to restore access. Click here: http://verification-paypal-support.net/login,1,1,1
New repository pull request merged (Ref: 560),"Merged PR #405: updates user session cookies validation handlers. Thanks, Sarah.",1,0,0
Microsoft Account: Verify security settings now,Your email security credentials expire in 24 hours. Log in here to synchronize your active password. Click here: http://verification-netflix-support.net/login,1,1,1
Feedback on code design patterns (Ref: 987),"Attached are the slides for the client presentation. Please review them before the call. Thanks, Sarah.",0,0,0
"Congratulations! You won a $1,000 reward voucher",We detected security restrictions on your credit card. Update your banking profile details to restore access. Click here: http://verification-paypal-support.net/login,1,1,1
New repository pull request merged (Ref: 375),"Merged PR #405: updates user session cookies validation handlers. Thanks, Sarah.",1,0,0
"Congratulations! You won a $1,000 reward voucher","To protect your privacy, we require verification of your email account status. Click below to continue. Click here: http://verification-paypal-support.net/login",3,0,1
Lunch reservation details (Ref: 945),"Attached is the PDF copy of our Q3 budget allocation analysis. Let me know if you have questions. Thanks, Sarah.",0,0,0
System Warning: Update password immediately!,"To protect your privacy, we require verification of your email account status. Click below to continue. Click here: http://verification-amazon-support.net/login",2,1,1
Lunch reservation details (Ref: 739),"This is a reminder to submit your self-assessment before the end-of-month review cycle. Thanks, David.",0,0,0
Netflix: Your subscription has been suspended!,You have been selected to receive a promotional gift card. Claim your reward by logging in here. Click here: http://verification-chase-support.net/login,2,1,1
Approved: Expense report #3904 (Ref: 916),"This is a reminder to submit your self-assessment before the end-of-month review cycle. Thanks, Alice.",0,0,0
Microsoft Account: Verify security settings now,Someone accessed your profile from an unrecognized device in Russia. Verify your credentials below. Click here: http://verification-amazon-support.net/login,1,1,1
New repository pull request merged (Ref: 978),"Merged PR #405: updates user session cookies validation handlers. Thanks, John.",1,0,0
System Warning: Update password immediately!,Someone accessed your profile from an unrecognized device in Russia. Verify your credentials below. Click here: http://verification-chase-support.net/login,2,1,1
Feedback on code design patterns (Ref: 846),"The recent refactor of the database layer looks clean. Great job on the transaction alignments. Thanks, Alice.",0,0,0
Netflix: Your subscription has been suspended!,Your recent invoice payment was declined. Update your billing credentials now to prevent account suspension. Click here: http://verification-amazon-support.net/login,1,1,1
Weekly Project Progress Update (Ref: 973),"We successfully deployed the latest security patches to the production clusters. Thanks, John.",1,0,0
URGENT: Verify your account activity immediately!,We detected unusual login attempts on your account. Please click the link to verify your identity immediately. Click here: http://verification-paypal-support.net/login,3,1,1
Quarterly financial report summary (Ref: 163),"We successfully deployed the latest security patches to the production clusters. Thanks, John.",0,0,0
PayPal Support: Unauthorized funds transfer request,We detected security restrictions on your credit card. Update your banking profile details to restore access. Click here: http://verification-netflix-support.net/login,1,1,1
Agenda for Tomorrow's Standup Meeting (Ref: 953),"Your request for business travel expenses has been reviewed and approved by management. Thanks, Sarah.",0,0,0
System Warning: Update password immediately!,"To protect your privacy, we require verification of your email account status. Click below to continue. Click here: http://verification-netflix-support.net/login",2,1,1
Weekly Project Progress Update (Ref: 699),"Let's meet tomorrow at 10 AM to discuss task prioritization and sprint objectives. Thanks, David.",0,0,0
Invoice Notification: Payment outstanding #83940,"Your account is past due. To avoid immediate collection actions, pay your outstanding bill at this portal. Click here: http://verification-amazon-support.net/login",1,1,1
Feedback on code design patterns (Ref: 710),"Let's meet tomorrow at 10 AM to discuss task prioritization and sprint objectives. Thanks, Sarah.",0,0,0
Invoice Notification: Payment outstanding #83940,We detected security restrictions on your credit card. Update your banking profile details to restore access. Click here: http://verification-amazon-support.net/login,2,1,1
New repository pull request merged (Ref: 236),"The recent refactor of the database layer looks clean. Great job on the transaction alignments. Thanks, Alice.",0,0,0
PayPal Support: Unauthorized funds transfer request,"To protect your privacy, we require verification of your email account status. Click below to continue. Click here: http://verification-paypal-support.net/login",1,0,1
Lunch reservation details (Ref: 441),"Let's meet tomorrow at 10 AM to discuss task prioritization and sprint objectives. Thanks, David.",0,0,0
Microsoft Account: Verify security settings now,You have been selected to receive a promotional gift card. Claim your reward by logging in here. Click here: http://verification-paypal-support.net/login,2,1,1
Annual performance evaluation reminder (Ref: 223),"I booked a table for 5 at the corner grill for our team lunch tomorrow. Thanks, David.",0,0,0
Invoice Notification: Payment outstanding #83940,"A transaction of $500.00 is pending verification. If you did not authorize this, log in here to cancel it. Click here: http://verification-amazon-support.net/login",1,1,1
Annual performance evaluation reminder (Ref: 978),"I booked a table for 5 at the corner grill for our team lunch tomorrow. Thanks, John.",0,0,0
Microsoft Account: Verify security settings now,"A transaction of $500.00 is pending verification. If you did not authorize this, log in here to cancel it. Click here: http://verification-chase-support.net/login",2,1,1
Release notes for version 2.4.1 (Ref: 490),"I booked a table for 5 at the corner grill for our team lunch tomorrow. Thanks, Alice.",0,0,0
URGENT: Verify your account activity immediately!,We detected security restrictions on your credit card. Update your banking profile details to restore access. Click here: http://verification-amazon-support.net/login,2,1,1
Quarterly financial report summary (Ref: 658),"We successfully deployed the latest security patches to the production clusters. Thanks, Sarah.",1,0,0
Update Billing Information: Payment Restrict Alert,"To protect your privacy, we require verification of your email account status. Click below to continue. Click here: http://verification-chase-support.net/login",3,1,1
Feedback on code design patterns (Ref: 630),"Let's meet tomorrow at 10 AM to discuss task prioritization and sprint objectives. Thanks, Sarah.",0,0,0
System Warning: Update password immediately!,We detected security restrictions on your credit card. Update your banking profile details to restore access. Click here: http://verification-chase-support.net/login,3,1,1
Approved: Expense report #3904 (Ref: 699),"Let's meet tomorrow at 10 AM to discuss task prioritization and sprint objectives. Thanks, John.",0,0,0
Netflix: Your subscription has been suspended!,We could not process your monthly membership. Please update your payment card information at the link below. Click here: http://verification-netflix-support.net/login,1,1,1
Weekly Project Progress Update (Ref: 694),"Merged PR #405: updates user session cookies validation handlers. Thanks, Alice.",0,0,0
URGENT: Verify your account activity immediately!,"A transaction of $500.00 is pending verification. If you did not authorize this, log in here to cancel it. Click here: http://verification-chase-support.net/login",1,1,1
Approved: Expense report #3904 (Ref: 810),"The recent refactor of the database layer looks clean. Great job on the transaction alignments. Thanks, John.",1,0,0
Update Billing Information: Payment Restrict Alert,We could not process your monthly membership. Please update your payment card information at the link below. Click here: http://verification-chase-support.net/login,2,1,1
Agenda for Tomorrow's Standup Meeting (Ref: 863),"Your request for business travel expenses has been reviewed and approved by management. Thanks, Sarah.",0,0,0
Invoice Notification: Payment outstanding #83940,"Your account is past due. To avoid immediate collection actions, pay your outstanding bill at this portal. Click here: http://verification-paypal-support.net/login",2,1,1
Weekly Project Progress Update (Ref: 797),"I booked a table for 5 at the corner grill for our team lunch tomorrow. Thanks, Alice.",0,0,0
Netflix: Your subscription has been suspended!,Your recent invoice payment was declined. Update your billing credentials now to prevent account suspension. Click here: http://verification-netflix-support.net/login,1,1,1
Approved: Expense report #3904 (Ref: 778),"Merged PR #405: updates user session cookies validation handlers. Thanks, Alice.",1,0,0
Microsoft Account: Verify security settings now,"To protect your privacy, we require verification of your email account status. Click below to continue. Click here: http://verification-chase-support.net/login",3,1,1
Agenda for Tomorrow's Standup Meeting (Ref: 914),"Let's meet tomorrow at 10 AM to discuss task prioritization and sprint objectives. Thanks, John.",0,0,0
System Warning: Update password immediately!,We detected security restrictions on your credit card. Update your banking profile details to restore access. Click here: http://verification-netflix-support.net/login,2,1,1
Lunch reservation details (Ref: 839),"Attached are the slides for the client presentation. Please review them before the call. Thanks, David.",1,0,0
Microsoft Account: Verify security settings now,You have been selected to receive a promotional gift card. Claim your reward by logging in here. Click here: http://verification-paypal-support.net/login,2,1,1
Client presentation slide deck (Ref: 298),"Hi Team, please find attached the weekly spreadsheet covering our key performance indicators. Thanks, John.",1,0,0
Update Billing Information: Payment Restrict Alert,We could not process your monthly membership. Please update your payment card information at the link below. Click here: http://verification-paypal-support.net/login,1,1,1
Lunch reservation details (Ref: 788),"Let's meet tomorrow at 10 AM to discuss task prioritization and sprint objectives. Thanks, David.",1,0,0
"Congratulations! You won a $1,000 reward voucher",You have been selected to receive a promotional gift card. Claim your reward by logging in here. Click here: http://verification-chase-support.net/login,1,0,1
Quarterly financial report summary (Ref: 955),"Your request for business travel expenses has been reviewed and approved by management. Thanks, Sarah.",0,0,0
Verify your banking details to avoid limitations,"Your account is past due. To avoid immediate collection actions, pay your outstanding bill at this portal. Click here: http://verification-paypal-support.net/login",1,1,1
Agenda for Tomorrow's Standup Meeting (Ref: 891),"I booked a table for 5 at the corner grill for our team lunch tomorrow. Thanks, Alice.",0,0,0
Security Alert: Unauthorized login attempts detected,Someone accessed your profile from an unrecognized device in Russia. Verify your credentials below. Click here: http://verification-amazon-support.net/login,2,1,1
Quarterly financial report summary (Ref: 167),"Your request for business travel expenses has been reviewed and approved by management. Thanks, Sarah.",1,0,0
Verify your banking details to avoid limitations,You have been selected to receive a promotional gift card. Claim your reward by logging in here. Click here: http://verification-amazon-support.net/login,3,1,1
Agenda for Tomorrow's Standup Meeting (Ref: 901),"Merged PR #405: updates user session cookies validation handlers. Thanks, John.",1,0,0
Invoice Notification: Payment outstanding #83940,You have been selected to receive a promotional gift card. Claim your reward by logging in here. Click here: http://verification-paypal-support.net/login,3,1,1
Approved: Expense report #3904 (Ref: 895),"Let's meet tomorrow at 10 AM to discuss task prioritization and sprint objectives. Thanks, Sarah.",1,0,0
Invoice Notification: Payment outstanding #83940,We could not process your monthly membership. Please update your payment card information at the link below. Click here: http://verification-netflix-support.net/login,3,1,1
New repository pull request merged (Ref: 454),"This is a reminder to submit your self-assessment before the end-of-month review cycle. Thanks, David.",0,0,0
URGENT: Verify your account activity immediately!,We could not process your monthly membership. Please update your payment card information at the link below. Click here: http://verification-paypal-support.net/login,1,1,1
Release notes for version 2.4.1 (Ref: 340),"Attached is the PDF copy of our Q3 budget allocation analysis. Let me know if you have questions. Thanks, David.",1,0,0
Verify your banking details to avoid limitations,Your email security credentials expire in 24 hours. Log in here to synchronize your active password. Click here: http://verification-paypal-support.net/login,3,1,1
Release notes for version 2.4.1 (Ref: 588),"The recent refactor of the database layer looks clean. Great job on the transaction alignments. Thanks, Sarah.",0,0,0
Invoice Notification: Payment outstanding #83940,"To protect your privacy, we require verification of your email account status. Click below to continue. Click here: http://verification-netflix-support.net/login",2,1,1
Approved: Expense report #3904 (Ref: 534),"Attached is the PDF copy of our Q3 budget allocation analysis. Let me know if you have questions. Thanks, John.",1,0,0
URGENT: Verify your account activity immediately!,You have been selected to receive a promotional gift card. Claim your reward by logging in here. Click here: http://verification-netflix-support.net/login,2,1,1
Release notes for version 2.4.1 (Ref: 318),"Attached is the PDF copy of our Q3 budget allocation analysis. Let me know if you have questions. Thanks, David.",1,0,0
"Congratulations! You won a $1,000 reward voucher",Someone accessed your profile from an unrecognized device in Russia. Verify your credentials below. Click here: http://verification-amazon-support.net/login,2,1,1
Feedback on code design patterns (Ref: 896),"The recent refactor of the database layer looks clean. Great job on the transaction alignments. Thanks, Sarah.",1,0,0
Security Alert: Unauthorized login attempts detected,"To protect your privacy, we require verification of your email account status. Click below to continue. Click here: http://verification-amazon-support.net/login",2,0,1
Approved: Expense report #3904 (Ref: 204),"Attached are the slides for the client presentation. Please review them before the call. Thanks, John.",0,0,0
System Warning: Update password immediately!,We detected unusual login attempts on your account. Please click the link to verify your identity immediately. Click here: http://verification-netflix-support.net/login,1,1,1
Lunch reservation details (Ref: 523),"Attached are the slides for the client presentation. Please review them before the call. Thanks, Alice.",1,0,0
System Warning: Update password immediately!,You have been selected to receive a promotional gift card. Claim your reward by logging in here. Click here: http://verification-amazon-support.net/login,1,1,1
Annual performance evaluation reminder (Ref: 506),"Let's meet tomorrow at 10 AM to discuss task prioritization and sprint objectives. Thanks, Sarah.",0,0,0
Invoice Notification: Payment outstanding #83940,Your recent invoice payment was declined. Update your billing credentials now to prevent account suspension. Click here: http://verification-netflix-support.net/login,3,1,1
Client presentation slide deck (Ref: 827),"The recent refactor of the database layer looks clean. Great job on the transaction alignments. Thanks, Sarah.",1,0,0
System Warning: Update password immediately!,You have been selected to receive a promotional gift card. Claim your reward by logging in here. Click here: http://verification-netflix-support.net/login,3,1,1
Approved: Expense report #3904 (Ref: 173),"Let's meet tomorrow at 10 AM to discuss task prioritization and sprint objectives. Thanks, Alice.",0,0,0
Netflix: Your subscription has been suspended!,Your email security credentials expire in 24 hours. Log in here to synchronize your active password. Click here: http://verification-netflix-support.net/login,1,1,1
Annual performance evaluation reminder (Ref: 608),"The recent refactor of the database layer looks clean. Great job on the transaction alignments. Thanks, John.",0,0,0
URGENT: Verify your account activity immediately!,We detected security restrictions on your credit card. Update your banking profile details to restore access. Click here: http://verification-paypal-support.net/login,3,1,1
Quarterly financial report summary (Ref: 835),"Your request for business travel expenses has been reviewed and approved by management. Thanks, Sarah.",1,0,0
Microsoft Account: Verify security settings now,"Your account is past due. To avoid immediate collection actions, pay your outstanding bill at this portal. Click here: http://verification-chase-support.net/login",2,1,1
Release notes for version 2.4.1 (Ref: 392),"I booked a table for 5 at the corner grill for our team lunch tomorrow. Thanks, Alice.",0,0,0
PayPal Support: Unauthorized funds transfer request,We could not process your monthly membership. Please update your payment card information at the link below. Click here: http://verification-netflix-support.net/login,2,1,1
Client presentation slide deck (Ref: 261),"Hi Team, please find attached the weekly spreadsheet covering our key performance indicators. Thanks, David.",1,0,0
Netflix: Your subscription has been suspended!,"To protect your privacy, we require verification of your email account status. Click below to continue. Click here: http://verification-amazon-support.net/login",3,1,1
Quarterly financial report summary (Ref: 753),"Attached is the PDF copy of our Q3 budget allocation analysis. Let me know if you have questions. Thanks, David.",1,0,0
System Warning: Update password immediately!,"Your account is past due. To avoid immediate collection actions, pay your outstanding bill at this portal. Click here: http://verification-chase-support.net/login",3,1,1
Approved: Expense report #3904 (Ref: 142),"This is a reminder to submit your self-assessment before the end-of-month review cycle. Thanks, Alice.",1,0,0
Invoice Notification: Payment outstanding #83940,Your email security credentials expire in 24 hours. Log in here to synchronize your active password. Click here: http://verification-chase-support.net/login,1,1,1
Weekly Project Progress Update (Ref: 814),"Let's meet tomorrow at 10 AM to discuss task prioritization and sprint objectives. Thanks, John.",0,0,0
Verify your banking details to avoid limitations,"A transaction of $500.00 is pending verification. If you did not authorize this, log in here to cancel it. Click here: http://verification-amazon-support.net/login",3,1,1
Release notes for version 2.4.1 (Ref: 956),"I booked a table for 5 at the corner grill for our team lunch tomorrow. Thanks, John.",0,0,0
URGENT: Verify your account activity immediately!,We detected security restrictions on your credit card. Update your banking profile details to restore access. Click here: http://verification-paypal-support.net/login,3,1,1
Quarterly financial report summary (Ref: 547),"This is a reminder to submit your self-assessment before the end-of-month review cycle. Thanks, David.",1,0,0
PayPal Support: Unauthorized funds transfer request,Your recent invoice payment was declined. Update your billing credentials now to prevent account suspension. Click here: http://verification-paypal-support.net/login,3,1,1
New repository pull request merged (Ref: 729),"Attached are the slides for the client presentation. Please review them before the call. Thanks, John.",0,0,0
PayPal Support: Unauthorized funds transfer request,We detected security restrictions on your credit card. Update your banking profile details to restore access. Click here: http://verification-chase-support.net/login,1,1,1
Client presentation slide deck (Ref: 323),"Attached is the PDF copy of our Q3 budget allocation analysis. Let me know if you have questions. Thanks, John.",0,0,0
Microsoft Account: Verify security settings now,We detected unusual login attempts on your account. Please click the link to verify your identity immediately. Click here: http://verification-chase-support.net/login,2,1,1
Quarterly financial report summary (Ref: 286),"We successfully deployed the latest security patches to the production clusters. Thanks, David.",0,0,0
Update Billing Information: Payment Restrict Alert,"Your account is past due. To avoid immediate collection actions, pay your outstanding bill at this portal. Click here: http://verification-paypal-support.net/login",3,1,1
Quarterly financial report summary (Ref: 112),"Attached is the PDF copy of our Q3 budget allocation analysis. Let me know if you have questions. Thanks, Alice.",1,0,0
"Congratulations! You won a $1,000 reward voucher",Your email security credentials expire in 24 hours. Log in here to synchronize your active password. Click here: http://verification-paypal-support.net/login,2,1,1
Annual performance evaluation reminder (Ref: 477),"Merged PR #405: updates user session cookies validation handlers. Thanks, John.",1,0,0
Security Alert: Unauthorized login attempts detected,"To protect your privacy, we require verification of your email account status. Click below to continue. Click here: http://verification-paypal-support.net/login",1,0,1
Lunch reservation details (Ref: 771),"Hi Team, please find attached the weekly spreadsheet covering our key performance indicators. Thanks, David.",1,0,0
Update Billing Information: Payment Restrict Alert,"Your account is past due. To avoid immediate collection actions, pay your outstanding bill at this portal. Click here: http://verification-amazon-support.net/login",3,1,1
Client presentation slide deck (Ref: 644),"Attached is the PDF copy of our Q3 budget allocation analysis. Let me know if you have questions. Thanks, David.",0,0,0
Microsoft Account: Verify security settings now,We could not process your monthly membership. Please update your payment card information at the link below. Click here: http://verification-netflix-support.net/login,3,1,1
Release notes for version 2.4.1 (Ref: 365),"Hi Team, please find attached the weekly spreadsheet covering our key performance indicators. Thanks, David.",0,0,0
PayPal Support: Unauthorized funds transfer request,"Your account is past due. To avoid immediate collection actions, pay your outstanding bill at this portal. Click here: http://verification-chase-support.net/login",1,0,1
Quarterly financial report summary (Ref: 116),"Let's meet tomorrow at 10 AM to discuss task prioritization and sprint objectives. Thanks, John.",0,0,0
Update Billing Information: Payment Restrict Alert,Your email security credentials expire in 24 hours. Log in here to synchronize your active password. Click here: http://verification-chase-support.net/login,2,1,1
Annual performance evaluation reminder (Ref: 282),"Merged PR #405: updates user session cookies validation handlers. Thanks, David.",1,0,0
Verify your banking details to avoid limitations,We detected unusual login attempts on your account. Please click the link to verify your identity immediately. Click here: http://verification-paypal-support.net/login,2,1,1
New repository pull request merged (Ref: 859),"The recent refactor of the database layer looks clean. Great job on the transaction alignments. Thanks, John.",0,0,0
"Congratulations! You won a $1,000 reward voucher",We could not process your monthly membership. Please update your payment card information at the link below. Click here: http://verification-netflix-support.net/login,2,1,1
Feedback on code design patterns (Ref: 874),"We successfully deployed the latest security patches to the production clusters. Thanks, Alice.",1,0,0
URGENT: Verify your account activity immediately!,We detected security restrictions on your credit card. Update your banking profile details to restore access. Click here: http://verification-amazon-support.net/login,3,1,1
Agenda for Tomorrow's Standup Meeting (Ref: 578),"Let's meet tomorrow at 10 AM to discuss task prioritization and sprint objectives. Thanks, John.",1,0,0
PayPal Support: Unauthorized funds transfer request,We detected security restrictions on your credit card. Update your banking profile details to restore access. Click here: http://verification-netflix-support.net/login,1,1,1
Client presentation slide deck (Ref: 665),"Your request for business travel expenses has been reviewed and approved by management. Thanks, David.",1,0,0
URGENT: Verify your account activity immediately!,"Your account is past due. To avoid immediate collection actions, pay your outstanding bill at this portal. Click here: http://verification-chase-support.net/login",2,1,1
Weekly Project Progress Update (Ref: 885),"This is a reminder to submit your self-assessment before the end-of-month review cycle. Thanks, John.",0,0,0
Security Alert: Unauthorized login attempts detected,We could not process your monthly membership. Please update your payment card information at the link below. Click here: http://verification-chase-support.net/login,2,1,1
Approved: Expense report #3904 (Ref: 347),"Let's meet tomorrow at 10 AM to discuss task prioritization and sprint objectives. Thanks, David.",1,0,0
Microsoft Account: Verify security settings now,We detected unusual login attempts on your account. Please click the link to verify your identity immediately. Click here: http://verification-chase-support.net/login,1,1,1
Quarterly financial report summary (Ref: 932),"Let's meet tomorrow at 10 AM to discuss task prioritization and sprint objectives. Thanks, Sarah.",1,0,0
Invoice Notification: Payment outstanding #83940,We detected unusual login attempts on your account. Please click the link to verify your identity immediately. Click here: http://verification-paypal-support.net/login,3,1,1
Client presentation slide deck (Ref: 988),"This is a reminder to submit your self-assessment before the end-of-month review cycle. Thanks, John.",1,0,0
URGENT: Verify your account activity immediately!,We detected security restrictions on your credit card. Update your banking profile details to restore access. Click here: http://verification-amazon-support.net/login,3,1,1
Lunch reservation details (Ref: 571),"We successfully deployed the latest security patches to the production clusters. Thanks, Sarah.",0,0,0
URGENT: Verify your account activity immediately!,You have been selected to receive a promotional gift card. Claim your reward by logging in here. Click here: http://verification-paypal-support.net/login,3,1,1
Annual performance evaluation reminder (Ref: 555),"Hi Team, please find attached the weekly spreadsheet covering our key performance indicators. Thanks, Alice.",0,0,0
Invoice Notification: Payment outstanding #83940,Your recent invoice payment was declined. Update your billing credentials now to prevent account suspension. Click here: http://verification-amazon-support.net/login,2,1,1
Weekly Project Progress Update (Ref: 939),"Merged PR #405: updates user session cookies validation handlers. Thanks, Sarah.",1,0,0
PayPal Support: Unauthorized funds transfer request,"To protect your privacy, we require verification of your email account status. Click below to continue. Click here: http://verification-amazon-support.net/login",3,0,1
Annual performance evaluation reminder (Ref: 165),"Merged PR #405: updates user session cookies validation handlers. Thanks, John.",1,0,0
URGENT: Verify your account activity immediately!,We could not process your monthly membership. Please update your payment card information at the link below. Click here: http://verification-paypal-support.net/login,3,1,1
Weekly Project Progress Update (Ref: 242),"Hi Team, please find attached the weekly spreadsheet covering our key performance indicators. Thanks, David.",1,0,0
Microsoft Account: Verify security settings now,Someone accessed your profile from an unrecognized device in Russia. Verify your credentials below. Click here: http://verification-chase-support.net/login,1,1,1
Quarterly financial report summary (Ref: 632),"Merged PR #405: updates user session cookies validation handlers. Thanks, John.",0,0,0
Verify your banking details to avoid limitations,Your email security credentials expire in 24 hours. Log in here to synchronize your active password. Click here: http://verification-paypal-support.net/login,2,1,1
Annual performance evaluation reminder (Ref: 558),"Let's meet tomorrow at 10 AM to discuss task prioritization and sprint objectives. Thanks, Alice.",1,0,0
Microsoft Account: Verify security settings now,Your email security credentials expire in 24 hours. Log in here to synchronize your active password. Click here: http://verification-netflix-support.net/login,2,1,1
New repository pull request merged (Ref: 789),"The recent refactor of the database layer looks clean. Great job on the transaction alignments. Thanks, Alice.",0,0,0
Microsoft Account: Verify security settings now,"To protect your privacy, we require verification of your email account status. Click below to continue. Click here: http://verification-amazon-support.net/login",3,1,1
Annual performance evaluation reminder (Ref: 502),"I booked a table for 5 at the corner grill for our team lunch tomorrow. Thanks, Sarah.",0,0,0
URGENT: Verify your account activity immediately!,We detected security restrictions on your credit card. Update your banking profile details to restore access. Click here: http://verification-paypal-support.net/login,2,1,1
Weekly Project Progress Update (Ref: 700),"I booked a table for 5 at the corner grill for our team lunch tomorrow. Thanks, Alice.",0,0,0
Microsoft Account: Verify security settings now,Your recent invoice payment was declined. Update your billing credentials now to prevent account suspension. Click here: http://verification-chase-support.net/login,1,1,1
Approved: Expense report #3904 (Ref: 901),"Hi Team, please find attached the weekly spreadsheet covering our key performance indicators. Thanks, John.",0,0,0
Security Alert: Unauthorized login attempts detected,You have been selected to receive a promotional gift card. Claim your reward by logging in here. Click here: http://verification-amazon-support.net/login,1,0,1
Release notes for version 2.4.1 (Ref: 165),"We successfully deployed the latest security patches to the production clusters. Thanks, John.",1,0,0
System Warning: Update password immediately!,We detected unusual login attempts on your account. Please click the link to verify your identity immediately. Click here: http://verification-netflix-support.net/login,2,1,1
Annual performance evaluation reminder (Ref: 549),"This is a reminder to submit your self-assessment before the end-of-month review cycle. Thanks, Sarah.",1,0,0
Microsoft Account: Verify security settings now,"To protect your privacy, we require verification of your email account status. Click below to continue. Click here: http://verification-chase-support.net/login",1,1,1
Approved: Expense report #3904 (Ref: 658),"I booked a table for 5 at the corner grill for our team lunch tomorrow. Thanks, John.",0,0,0
Update Billing Information: Payment Restrict Alert,We detected security restrictions on your credit card. Update your banking profile details to restore access. Click here: http://verification-chase-support.net/login,2,1,1
Lunch reservation details (Ref: 910),"We successfully deployed the latest security patches to the production clusters. Thanks, Sarah.",1,0,0
Verify your banking details to avoid limitations,"To protect your privacy, we require verification of your email account status. Click below to continue. Click here: http://verification-paypal-support.net/login",2,1,1
Agenda for Tomorrow's Standup Meeting (Ref: 205),"The recent refactor of the database layer looks clean. Great job on the transaction alignments. Thanks, John.",0,0,0
Verify your banking details to avoid limitations,Your recent invoice payment was declined. Update your billing credentials now to prevent account suspension. Click here: http://verification-chase-support.net/login,1,1,1
New repository pull request merged (Ref: 353),"We successfully deployed the latest security patches to the production clusters. Thanks, John.",0,0,0
Update Billing Information: Payment Restrict Alert,Your email security credentials expire in 24 hours. Log in here to synchronize your active password. Click here: http://verification-netflix-support.net/login,3,1,1
Weekly Project Progress Update (Ref: 879),"Your request for business travel expenses has been reviewed and approved by management. Thanks, John.",1,0,0
Invoice Notification: Payment outstanding #83940,Your email security credentials expire in 24 hours. Log in here to synchronize your active password. Click here: http://verification-chase-support.net/login,2,1,1
Approved: Expense report #3904 (Ref: 418),"Hi Team, please find attached the weekly spreadsheet covering our key performance indicators. Thanks, David.",0,0,0
Update Billing Information: Payment Restrict Alert,Your recent invoice payment was declined. Update your billing credentials now to prevent account suspension. Click here: http://verification-amazon-support.net/login,1,1,1
Client presentation slide deck (Ref: 326),"Let's meet tomorrow at 10 AM to discuss task prioritization and sprint objectives. Thanks, Sarah.",1,0,0
Netflix: Your subscription has been suspended!,"To protect your privacy, we require verification of your email account status. Click below to continue. Click here: http://verification-amazon-support.net/login",1,1,1
Client presentation slide deck (Ref: 420),"Your request for business travel expenses has been reviewed and approved by management. Thanks, John.",0,0,0
Invoice Notification: Payment outstanding #83940,We detected security restrictions on your credit card. Update your banking profile details to restore access. Click here: http://verification-netflix-support.net/login,2,1,1
Lunch reservation details (Ref: 630),"Merged PR #405: updates user session cookies validation handlers. Thanks, Sarah.",1,0,0
Update Billing Information: Payment Restrict Alert,Someone accessed your profile from an unrecognized device in Russia. Verify your credentials below. Click here: http://verification-paypal-support.net/login,1,1,1
Feedback on code design patterns (Ref: 255),"I booked a table for 5 at the corner grill for our team lunch tomorrow. Thanks, Sarah.",1,0,0
Security Alert: Unauthorized login attempts detected,"A transaction of $500.00 is pending verification. If you did not authorize this, log in here to cancel it. Click here: http://verification-amazon-support.net/login",3,0,1
Annual performance evaluation reminder (Ref: 420),"Your request for business travel expenses has been reviewed and approved by management. Thanks, David.",0,0,0
Invoice Notification: Payment outstanding #83940,We could not process your monthly membership. Please update your payment card information at the link below. Click here: http://verification-chase-support.net/login,3,1,1
Quarterly financial report summary (Ref: 784),"Hi Team, please find attached the weekly spreadsheet covering our key performance indicators. Thanks, John.",0,0,0
Update Billing Information: Payment Restrict Alert,Your email security credentials expire in 24 hours. Log in here to synchronize your active password. Click here: http://verification-amazon-support.net/login,3,1,1
Feedback on code design patterns (Ref: 801),"Hi Team, please find attached the weekly spreadsheet covering our key performance indicators. Thanks, Sarah.",1,0,0
System Warning: Update password immediately!,You have been selected to receive a promotional gift card. Claim your reward by logging in here. Click here: http://verification-amazon-support.net/login,1,1,1
Annual performance evaluation reminder (Ref: 853),"I booked a table for 5 at the corner grill for our team lunch tomorrow. Thanks, Alice.",1,0,0
Verify your banking details to avoid limitations,Your email security credentials expire in 24 hours. Log in here to synchronize your active password. Click here: http://verification-paypal-support.net/login,3,1,1
Quarterly financial report summary (Ref: 314),"Merged PR #405: updates user session cookies validation handlers. Thanks, Alice.",1,0,0
Update Billing Information: Payment Restrict Alert,We detected unusual login attempts on your account. Please click the link to verify your identity immediately. Click here: http://verification-amazon-support.net/login,2,1,1
Weekly Project Progress Update (Ref: 626),"Let's meet tomorrow at 10 AM to discuss task prioritization and sprint objectives. Thanks, John.",0,0,0
Microsoft Account: Verify security settings now,We could not process your monthly membership. Please update your payment card information at the link below. Click here: http://verification-netflix-support.net/login,3,1,1
Annual performance evaluation reminder (Ref: 385),"We successfully deployed the latest security patches to the production clusters. Thanks, David.",0,0,0
Verify your banking details to avoid limitations,Your email security credentials expire in 24 hours. Log in here to synchronize your active password. Click here: http://verification-chase-support.net/login,2,1,1
Agenda for Tomorrow's Standup Meeting (Ref: 240),"This is a reminder to submit your self-assessment before the end-of-month review cycle. Thanks, Alice.",0,0,0
Verify your banking details to avoid limitations,Someone accessed your profile from an unrecognized device in Russia. Verify your credentials below. Click here: http://verification-chase-support.net/login,2,1,1
Weekly Project Progress Update (Ref: 523),"Attached is the PDF copy of our Q3 budget allocation analysis. Let me know if you have questions. Thanks, John.",0,0,0
Security Alert: Unauthorized login attempts detected,"A transaction of $500.00 is pending verification. If you did not authorize this, log in here to cancel it. Click here: http://verification-netflix-support.net/login",3,0,1
Quarterly financial report summary (Ref: 170),"We successfully deployed the latest security patches to the production clusters. Thanks, Sarah.",0,0,0
URGENT: Verify your account activity immediately!,Your email security credentials expire in 24 hours. Log in here to synchronize your active password. Click here: http://verification-netflix-support.net/login,2,1,1
New repository pull request merged (Ref: 177),"I booked a table for 5 at the corner grill for our team lunch tomorrow. Thanks, Alice.",0,0,0
System Warning: Update password immediately!,"To protect your privacy, we require verification of your email account status. Click below to continue. Click here: http://verification-netflix-support.net/login",3,1,1
Weekly Project Progress Update (Ref: 240),"We successfully deployed the latest security patches to the production clusters. Thanks, Sarah.",1,0,0
System Warning: Update password immediately!,We detected unusual login attempts on your account. Please click the link to verify your identity immediately. Click here: http://verification-amazon-support.net/login,1,1,1
Lunch reservation details (Ref: 443),"Attached is the PDF copy of our Q3 budget allocation analysis. Let me know if you have questions. Thanks, John.",0,0,0
Microsoft Account: Verify security settings now,You have been selected to receive a promotional gift card. Claim your reward by logging in here. Click here: http://verification-paypal-support.net/login,2,1,1
Weekly Project Progress Update (Ref: 736),"Attached are the slides for the client presentation. Please review them before the call. Thanks, Sarah.",0,0,0
Netflix: Your subscription has been suspended!,We detected unusual login attempts on your account. Please click the link to verify your identity immediately. Click here: http://verification-chase-support.net/login,3,1,1
Client presentation slide deck (Ref: 878),"The recent refactor of the database layer looks clean. Great job on the transaction alignments. Thanks, Alice.",1,0,0
Netflix: Your subscription has been suspended!,Your recent invoice payment was declined. Update your billing credentials now to prevent account suspension. Click here: http://verification-paypal-support.net/login,1,1,1
Release notes for version 2.4.1 (Ref: 695),"Your request for business travel expenses has been reviewed and approved by management. Thanks, Sarah.",1,0,0
"Congratulations! You won a $1,000 reward voucher",Your email security credentials expire in 24 hours. Log in here to synchronize your active password. Click here: http://verification-chase-support.net/login,2,1,1
Release notes for version 2.4.1 (Ref: 845),"Your request for business travel expenses has been reviewed and approved by management. Thanks, Sarah.",0,0,0
Netflix: Your subscription has been suspended!,Someone accessed your profile from an unrecognized device in Russia. Verify your credentials below. Click here: http://verification-paypal-support.net/login,3,1,1
Approved: Expense report #3904 (Ref: 967),"The recent refactor of the database layer looks clean. Great job on the transaction alignments. Thanks, Sarah.",0,0,0
Verify your banking details to avoid limitations,You have been selected to receive a promotional gift card. Claim your reward by logging in here. Click here: http://verification-amazon-support.net/login,1,1,1
New repository pull request merged (Ref: 104),"Hi Team, please find attached the weekly spreadsheet covering our key performance indicators. Thanks, Sarah.",0,0,0
Verify your banking details to avoid limitations,"To protect your privacy, we require verification of your email account status. Click below to continue. Click here: http://verification-amazon-support.net/login",2,1,1
New repository pull request merged (Ref: 955),"Merged PR #405: updates user session cookies validation handlers. Thanks, Sarah.",0,0,0
Security Alert: Unauthorized login attempts detected,We detected unusual login attempts on your account. Please click the link to verify your identity immediately. Click here: http://verification-amazon-support.net/login,2,1,1
New repository pull request merged (Ref: 942),"Merged PR #405: updates user session cookies validation handlers. Thanks, Sarah.",1,0,0
PayPal Support: Unauthorized funds transfer request,You have been selected to receive a promotional gift card. Claim your reward by logging in here. Click here: http://verification-paypal-support.net/login,2,0,1
Feedback on code design patterns (Ref: 560),"This is a reminder to submit your self-assessment before the end-of-month review cycle. Thanks, Sarah.",0,0,0
URGENT: Verify your account activity immediately!,Your email security credentials expire in 24 hours. Log in here to synchronize your active password. Click here: http://verification-paypal-support.net/login,1,1,1
Feedback on code design patterns (Ref: 183),"I booked a table for 5 at the corner grill for our team lunch tomorrow. Thanks, Sarah.",0,0,0
Security Alert: Unauthorized login attempts detected,Your email security credentials expire in 24 hours. Log in here to synchronize your active password. Click here: http://verification-paypal-support.net/login,1,1,1
Feedback on code design patterns (Ref: 611),"Your request for business travel expenses has been reviewed and approved by management. Thanks, Sarah.",0,0,0
Invoice Notification: Payment outstanding #83940,We detected security restrictions on your credit card. Update your banking profile details to restore access. Click here: http://verification-chase-support.net/login,1,1,1
Quarterly financial report summary (Ref: 658),"Hi Team, please find attached the weekly spreadsheet covering our key performance indicators. Thanks, Sarah.",1,0,0
"Congratulations! You won a $1,000 reward voucher","Your account is past due. To avoid immediate collection actions, pay your outstanding bill at this portal. Click here: http://verification-paypal-support.net/login",2,0,1
Weekly Project Progress Update (Ref: 785),"Let's meet tomorrow at 10 AM to discuss task prioritization and sprint objectives. Thanks, David.",1,0,0
Netflix: Your subscription has been suspended!,We could not process your monthly membership. Please update your payment card information at the link below. Click here: http://verification-paypal-support.net/login,2,1,1
Annual performance evaluation reminder (Ref: 322),"Attached is the PDF copy of our Q3 budget allocation analysis. Let me know if you have questions. Thanks, David.",0,0,0
Invoice Notification: Payment outstanding #83940,"To protect your privacy, we require verification of your email account status. Click below to continue. Click here: http://verification-chase-support.net/login",1,1,1
New repository pull request merged (Ref: 787),"Attached are the slides for the client presentation. Please review them before the call. Thanks, David.",0,0,0
Security Alert: Unauthorized login attempts detected,We could not process your monthly membership. Please update your payment card information at the link below. Click here: http://verification-netflix-support.net/login,1,1,1
Agenda for Tomorrow's Standup Meeting (Ref: 584),"Merged PR #405: updates user session cookies validation handlers. Thanks, Sarah.",0,0,0
Microsoft Account: Verify security settings now,You have been selected to receive a promotional gift card. Claim your reward by logging in here. Click here: http://verification-paypal-support.net/login,1,1,1
Feedback on code design patterns (Ref: 752),"This is a reminder to submit your self-assessment before the end-of-month review cycle. Thanks, John.",1,0,0
Verify your banking details to avoid limitations,"To protect your privacy, we require verification of your email account status. Click below to continue. Click here: http://verification-amazon-support.net/login",3,1,1
Quarterly financial report summary (Ref: 377),"The recent refactor of the database layer looks clean. Great job on the transaction alignments. Thanks, David.",1,0,0
Verify your banking details to avoid limitations,Your recent invoice payment was declined. Update your billing credentials now to prevent account suspension. Click here: http://verification-paypal-support.net/login,1,1,1
Feedback on code design patterns (Ref: 810),"Your request for business travel expenses has been reviewed and approved by management. Thanks, John.",0,0,0
Update Billing Information: Payment Restrict Alert,Your email security credentials expire in 24 hours. Log in here to synchronize your active password. Click here: http://verification-paypal-support.net/login,3,1,1
Client presentation slide deck (Ref: 302),"Merged PR #405: updates user session cookies validation handlers. Thanks, John.",1,0,0
Microsoft Account: Verify security settings now,Someone accessed your profile from an unrecognized device in Russia. Verify your credentials below. Click here: http://verification-paypal-support.net/login,2,1,1
Release notes for version 2.4.1 (Ref: 125),"I booked a table for 5 at the corner grill for our team lunch tomorrow. Thanks, David.",0,0,0
Invoice Notification: Payment outstanding #83940,We detected security restrictions on your credit card. Update your banking profile details to restore access. Click here: http://verification-amazon-support.net/login,2,1,1
Annual performance evaluation reminder (Ref: 289),"Merged PR #405: updates user session cookies validation handlers. Thanks, David.",0,0,0
"Congratulations! You won a $1,000 reward voucher",Your email security credentials expire in 24 hours. Log in here to synchronize your active password. Click here: http://verification-netflix-support.net/login,3,1,1
Client presentation slide deck (Ref: 882),"This is a reminder to submit your self-assessment before the end-of-month review cycle. Thanks, Sarah.",0,0,0
Netflix: Your subscription has been suspended!,"A transaction of $500.00 is pending verification. If you did not authorize this, log in here to cancel it. Click here: http://verification-chase-support.net/login",3,1,1
Approved: Expense report #3904 (Ref: 592),"I booked a table for 5 at the corner grill for our team lunch tomorrow. Thanks, John.",1,0,0
URGENT: Verify your account activity immediately!,"To protect your privacy, we require verification of your email account status. Click below to continue. Click here: http://verification-amazon-support.net/login",3,1,1
Approved: Expense report #3904 (Ref: 521),"The recent refactor of the database layer looks clean. Great job on the transaction alignments. Thanks, John.",0,0,0
URGENT: Verify your account activity immediately!,We detected unusual login attempts on your account. Please click the link to verify your identity immediately. Click here: http://verification-amazon-support.net/login,2,1,1
Approved: Expense report #3904 (Ref: 163),"Attached are the slides for the client presentation. Please review them before the call. Thanks, John.",1,0,0
Verify your banking details to avoid limitations,"Your account is past due. To avoid immediate collection actions, pay your outstanding bill at this portal. Click here: http://verification-amazon-support.net/login",1,1,1
New repository pull request merged (Ref: 282),"We successfully deployed the latest security patches to the production clusters. Thanks, Sarah.",1,0,0
Invoice Notification: Payment outstanding #83940,"To protect your privacy, we require verification of your email account status. Click below to continue. Click here: http://verification-amazon-support.net/login",3,1,1
New repository pull request merged (Ref: 954),"This is a reminder to submit your self-assessment before the end-of-month review cycle. Thanks, Sarah.",1,0,0
"Congratulations! You won a $1,000 reward voucher",We detected unusual login attempts on your account. Please click the link to verify your identity immediately. Click here: http://verification-chase-support.net/login,1,1,1
Weekly Project Progress Update (Ref: 618),"Your request for business travel expenses has been reviewed and approved by management. Thanks, Alice.",0,0,0
URGENT: Verify your account activity immediately!,Someone accessed your profile from an unrecognized device in Russia. Verify your credentials below. Click here: http://verification-netflix-support.net/login,2,1,1
Annual performance evaluation reminder (Ref: 657),"This is a reminder to submit your self-assessment before the end-of-month review cycle. Thanks, Sarah.",1,0,0
System Warning: Update password immediately!,We could not process your monthly membership. Please update your payment card information at the link below. Click here: http://verification-chase-support.net/login,1,1,1
